Date,Month,Tablet Window,Stone Tablet,Tablet Window Days,Title,Primary Theme,Cross-References,File Path
,August,UNKNOWN,Tablet ? · Unassigned,,Prophetic Word - 08-13 at 12_33,"this is a **received prophetic word**, not a reflection — the Lord's speech to Seth on Aug 13 · 12:33, addressed to the Church. It sits at the exact center of the Woodwork-and-W...",9,Personal Space/memo/PLAUD Meditations/August/Prophetic Word - 08-13 at 12_33.md
,June,V,"Tablet V · Come Out of Her, My Children",May 26 – Aug 16 (Volume III),"_06-19 at 12_27 — What the Lord Builds, He Funds","Seth's Jun 19 · 12:27 — what the Lord builds, He funds; Ps 127:1 walked into provision-doctrine.",6,"Personal Space/memo/PLAUD Meditations/June/_06-19 at 12_27 — What the Lord Builds, He Funds-Public Spoken Word — PLAUD Note Prompt.md"
2026-02-15,Feb,I,Tablet I · Volume I · The Architecture of Formation,Feb 14 – Apr 14 (60-day Kairos),Personal Meditation_ Spirit-Led Transcript Template,Spirit-Led Transcript Template,10,Personal Space/memo/PLAUD Meditations/Feb/02-15 Personal Meditation_ Spirit-Led Transcript Template-Summary.md
2026-02-20,Feb,I,Tablet I · Volume I · The Architecture of Formation,Feb 14 – Apr 14 (60-day Kairos),"Meditation_ Joseph, Paul, and Severe Mercy in Discipline","Joseph, Paul, and Severe Mercy in Discipline",14,"Personal Space/memo/PLAUD Meditations/Feb/02-20 Meditation_ Joseph, Paul, and Severe Mercy in Discipline-Summary.md"
2026-02-23,Feb,I,Tablet I · Volume I · The Architecture of Formation,Feb 14 – Apr 14 (60-day Kairos),"Reflection_ Judas, Faith, Mercy, and Divine Sovereignty","Judas, Faith, Mercy, and Divine Sovereignty",14,"Personal Space/memo/PLAUD Meditations/Feb/02-23 Reflection_ Judas, Faith, Mercy, and Divine Sovereignty-Public Spoken Word - Spirit-Led Scriptural Analysis & Content Template (1).md"
2026-02-25,Feb,I,Tablet I · Volume I · The Architecture of Formation,Feb 14 – Apr 14 (60-day Kairos),"Personal Meditation_ Divine Providence, Judas, and the Abolition of Binary Judgment","Divine Providence, Judas, and the Abolition of Binary Judgment",12,"Personal Space/memo/PLAUD Meditations/Feb/02-25 Personal Meditation_ Divine Providence, Judas, and the Abolition of Binary Judgment.md"
2026-02-25,Feb,I,Tablet I · Volume I · The Architecture of Formation,Feb 14 – Apr 14 (60-day Kairos),"Personal Meditation_ Divine Sovereignty, Grace, and the Mystery of Providence","Divine Sovereignty, Grace, and the Mystery of Providence",15,"Personal Space/memo/PLAUD Meditations/Feb/02-25 Personal Meditation_ Divine Sovereignty, Grace, and the Mystery of Providence.md"
2026-02-26,Feb,I,Tablet I · Volume I · The Architecture of Formation,Feb 14 – Apr 14 (60-day Kairos),Personal Meditation_ Divine Discipline and Severe Mercy in Church Community,Divine Discipline and Severe Mercy in Church Community,15,Personal Space/memo/PLAUD Meditations/Feb/02-26 Personal Meditation_ Divine Discipline and Severe Mercy in Church Community.md
2026-02-27,Feb,I,Tablet I · Volume I · The Architecture of Formation,Feb 14 – Apr 14 (60-day Kairos),Personal Meditation_ Divine Winnowing and the Transformation from Ambition to Abiding,Divine Winnowing and the Transformation from Ambition to Abiding,22,Personal Space/memo/PLAUD Meditations/Feb/02-27 Personal Meditation_ Divine Winnowing and the Transformation from Ambition to Abiding.md
2026-02-27,Feb,I,Tablet I · Volume I · The Architecture of Formation,Feb 14 – Apr 14 (60-day Kairos),Personal Meditation_ God_s Sufficient Grace and the Removal of Condemnation,God_s Sufficient Grace and the Removal of Condemnation,13,Personal Space/memo/PLAUD Meditations/Feb/02-27 Personal Meditation_ God_s Sufficient Grace and the Removal of Condemnation.md
2026-02-27,Feb,I,Tablet I · Volume I · The Architecture of Formation,Feb 14 – Apr 14 (60-day Kairos),Personal Meditation_ Judgment as Redemptive Discipline in the Story of Jonah,Judgment as Redemptive Discipline in the Story of Jonah,14,Personal Space/memo/PLAUD Meditations/Feb/02-27 Personal Meditation_ Judgment as Redemptive Discipline in the Story of Jonah.md
2026-02-27,Feb,I,Tablet I · Volume I · The Architecture of Formation,Feb 14 – Apr 14 (60-day Kairos),Personal Meditation_ Spiritual Preparation Through Sleeplessness and Surrendering Self in the Midnight Hour,Spiritual Preparation Through Sleeplessness and Surrendering Self in the Midnight Hour,17,Personal Space/memo/PLAUD Meditations/Feb/02-27 Personal Meditation_ Spiritual Preparation Through Sleeplessness and Surrendering Self in the Midnight Hour.md
2026-02-28,Feb,I,Tablet I · Volume I · The Architecture of Formation,Feb 14 – Apr 14 (60-day Kairos),Personal Meditation_ Resting in the Finished Work of Christ and Covenant Identity,Resting in the Finished Work of Christ and Covenant Identity,14,Personal Space/memo/PLAUD Meditations/Feb/02-28 Personal Meditation_ Resting in the Finished Work of Christ and Covenant Identity.md
2026-03-01,March,I,Tablet I · Volume I · The Architecture of Formation,Feb 14 – Apr 14 (60-day Kairos),A Convert_s Journey_ Navigating Direct Revelation and the Need for Communal Accountabiliy,Navigating Direct Revelation and the Need for Communal Accountabiliy,12,Personal Space/memo/PLAUD Meditations/March/03-01 A Convert_s Journey_ Navigating Direct Revelation and the Need for Communal Accountabiliy.md
2026-03-01,March,I,Tablet I · Volume I · The Architecture of Formation,Feb 14 – Apr 14 (60-day Kairos),"Meditation_ God_s Relentless Pursuit — Jonah, Meekness, the Living Temple, and Sovereign Grace","God_s Relentless Pursuit — Jonah, Meekness, the Living Temple, and Sovereign Grace",16,"Personal Space/memo/PLAUD Meditations/March/03-01 Meditation_ God_s Relentless Pursuit — Jonah, Meekness, the Living Temple, and Sovereign Grace.md"
2026-03-02,March,I,Tablet I · Volume I · The Architecture of Formation,Feb 14 – Apr 14 (60-day Kairos),Meditation_ Spiritual Warfare Against Deceptive Powers and Call to Intercession,Spiritual Warfare Against Deceptive Powers and Call to Intercession,14,Personal Space/memo/PLAUD Meditations/March/03-02 Meditation_ Spiritual Warfare Against Deceptive Powers and Call to Intercession-Summary.md
2026-03-04,March,I,Tablet I · Volume I · The Architecture of Formation,Feb 14 – Apr 14 (60-day Kairos),Meditation_ Spiritual Warfare Against Deceptive Powers and Call to Intercession,Spiritual Warfare Against Deceptive Powers and Call to Intercession,14,Personal Space/memo/PLAUD Meditations/March/03-04 Meditation_ Spiritual Warfare Against Deceptive Powers and Call to Intercession-Summary.md
2026-03-04,March,I,Tablet I · Volume I · The Architecture of Formation,Feb 14 – Apr 14 (60-day Kairos),Personal Meditation_ Confronting Spiritual Warfare and the Limits of Human Strength,Confronting Spiritual Warfare and the Limits of Human Strength,10,Personal Space/memo/PLAUD Meditations/March/03-04 Personal Meditation_ Confronting Spiritual Warfare and the Limits of Human Strength-Summary.md
2026-03-05,March,I,Tablet I · Volume I · The Architecture of Formation,Feb 14 – Apr 14 (60-day Kairos),"Summary_ Obedience, Spiritual Victory, and the Limits of Transcendent Communication","Obedience, Spiritual Victory, and the Limits of Transcendent Communication",12,"Personal Space/memo/PLAUD Meditations/March/03-05 Summary_ Obedience, Spiritual Victory, and the Limits of Transcendent Communication-Summary.md"
2026-03-06,March,I,Tablet I · Volume I · The Architecture of Formation,Feb 14 – Apr 14 (60-day Kairos),Meditation_ Grace Beyond Condemnation - Faith and Identity in Christ,Grace Beyond Condemnation - Faith and Identity in Christ,9,Personal Space/memo/PLAUD Meditations/March/03-06 Meditation_ Grace Beyond Condemnation - Faith and Identity in Christ-Summary.md
2026-03-06,March,I,Tablet I · Volume I · The Architecture of Formation,Feb 14 – Apr 14 (60-day Kairos),"Personal Meditation_ Divine Discipline, Spiritual Idolatry, and the Prayer of Surrender","Divine Discipline, Spiritual Idolatry, and the Prayer of Surrender",12,"Personal Space/memo/PLAUD Meditations/March/03-06 Personal Meditation_ Divine Discipline, Spiritual Idolatry, and the Prayer of Surrender-Summary.md"
2026-03-06,March,I,Tablet I · Volume I · The Architecture of Formation,Feb 14 – Apr 14 (60-day Kairos),Personal Meditation_ Spiritual Warfare Strategy Against the Church - Guarding Divine Assignment,Spiritual Warfare Strategy Against the Church - Guarding Divine Assignment,11,Personal Space/memo/PLAUD Meditations/March/03-06 Personal Meditation_ Spiritual Warfare Strategy Against the Church - Guarding Divine Assignment-Summary.md
2026-03-06,March,I,Tablet I · Volume I · The Architecture of Formation,Feb 14 – Apr 14 (60-day Kairos),"Personal Meditation_ The Sacred Threshold - Daily Bread, Divine Anointing, and Watchful Intercession in Radical Disci...","The Sacred Threshold - Daily Bread, Divine Anointing, and Watchful Intercession in Radical Discipleship",15,"Personal Space/memo/PLAUD Meditations/March/03-06 Personal Meditation_ The Sacred Threshold - Daily Bread, Divine Anointing, and Watchful Intercession in Radical Discipleship-Summary.md"
2026-03-06,March,I,Tablet I · Volume I · The Architecture of Formation,Feb 14 – Apr 14 (60-day Kairos),Personal Meditation_ The Trembling Yes — When Christ Calls the Unworthy,The Trembling Yes — When Christ Calls the Unworthy,12,Personal Space/memo/PLAUD Meditations/March/03-06 Personal Meditation_ The Trembling Yes — When Christ Calls the Unworthy-Summary.md
2026-03-07,March,I,Tablet I · Volume I · The Architecture of Formation,Feb 14 – Apr 14 (60-day Kairos),Reflection_ Performance vs. Presence in Faith - The Cross Never Removed,Performance vs. Presence in Faith - The Cross Never Removed,11,Personal Space/memo/PLAUD Meditations/March/03-07 Reflection_ Performance vs. Presence in Faith - The Cross Never Removed-Summary.md
2026-03-11,March,I,Tablet I · Volume I · The Architecture of Formation,Feb 14 – Apr 14 (60-day Kairos),Personal Meditation_ The Crucible of False Accusation — Responding to Attack with Grace and Walking Through Fire,The Crucible of False Accusation — Responding to Attack with Grace and Walking Through Fire,11,Personal Space/memo/PLAUD Meditations/March/03-11 Personal Meditation_ The Crucible of False Accusation — Responding to Attack with Grace and Walking Through Fire-Summary.md
2026-03-12,March,I,Tablet I · Volume I · The Architecture of Formation,Feb 14 – Apr 14 (60-day Kairos),Meditation_ Divine Encounter vs. Theological Correctness - Holiness as Consecration,Divine Encounter vs. Theological Correctness - Holiness as Consecration,11,Personal Space/memo/PLAUD Meditations/March/03-12 Meditation_ Divine Encounter vs. Theological Correctness - Holiness as Consecration.md
2026-03-13,March,I,Tablet I · Volume I · The Architecture of Formation,Feb 14 – Apr 14 (60-day Kairos),Meditation_ Abiding vs. Striving — Spiritual Formation in the Wilderness Season,Abiding vs. Striving — Spiritual Formation in the Wilderness Season,14,Personal Space/memo/PLAUD Meditations/March/03-13 Meditation_ Abiding vs. Striving — Spiritual Formation in the Wilderness Season-Summary.md
2026-03-13,March,I,Tablet I · Volume I · The Architecture of Formation,Feb 14 – Apr 14 (60-day Kairos),Meditation_ Spiritual Liberation from Mammon — Designing a Kingdom-Centered Life,Spiritual Liberation from Mammon — Designing a Kingdom-Centered Life,15,Personal Space/memo/PLAUD Meditations/March/03-13 Meditation_ Spiritual Liberation from Mammon — Designing a Kingdom-Centered Life-Summary.md
2026-03-13,March,I,Tablet I · Volume I · The Architecture of Formation,Feb 14 – Apr 14 (60-day Kairos),Personal Meditation_ Faithfulness in Obscurity and Divine Preparation,Faithfulness in Obscurity and Divine Preparation,14,Personal Space/memo/PLAUD Meditations/March/03-13 Personal Meditation_ Faithfulness in Obscurity and Divine Preparation-Summary.md
2026-03-13,March,I,Tablet I · Volume I · The Architecture of Formation,Feb 14 – Apr 14 (60-day Kairos),Personal Meditation_ The Spirit of Perdition and Self-Betrayal in Christian Faith,The Spirit of Perdition and Self-Betrayal in Christian Faith,15,Personal Space/memo/PLAUD Meditations/March/03-13 Personal Meditation_ The Spirit of Perdition and Self-Betrayal in Christian Faith-Summary.md
2026-03-14,March,I,Tablet I · Volume I · The Architecture of Formation,Feb 14 – Apr 14 (60-day Kairos),"Meditation_ Sacred Writing, Receptive Silence, and the Migration of God's Presence","Sacred Writing, Receptive Silence, and the Migration of God's Presence",12,"Personal Space/memo/PLAUD Meditations/March/03-14 Meditation_ Sacred Writing, Receptive Silence, and the Migration of God's Presence.md"
2026-03-14,March,I,Tablet I · Volume I · The Architecture of Formation,Feb 14 – Apr 14 (60-day Kairos),Personal Meditation_ Obedience in Hiddenness and Kingdom Fruitfulness Beyond Metrics,Obedience in Hiddenness and Kingdom Fruitfulness Beyond Metrics,15,Personal Space/memo/PLAUD Meditations/March/03-14 Personal Meditation_ Obedience in Hiddenness and Kingdom Fruitfulness Beyond Metrics-Summary.md
2026-03-17,March,I,Tablet I · Volume I · The Architecture of Formation,Feb 14 – Apr 14 (60-day Kairos),Personal Meditation_ Kenosis and the Death of Self-Sufficiency,Kenosis and the Death of Self-Sufficiency,20,Personal Space/memo/PLAUD Meditations/March/03-17 Personal Meditation_ Kenosis and the Death of Self-Sufficiency-Summary.md
2026-03-19,March,I,Tablet I · Volume I · The Architecture of Formation,Feb 14 – Apr 14 (60-day Kairos),Personal Meditation_ The Illusion of the Cliff and the Lamb Who Masters Me,The Illusion of the Cliff and the Lamb Who Masters Me,12,Personal Space/memo/PLAUD Meditations/March/03-19 Personal Meditation_ The Illusion of the Cliff and the Lamb Who Masters Me.md
2026-03-20,March,I,Tablet I · Volume I · The Architecture of Formation,Feb 14 – Apr 14 (60-day Kairos),Personal Meditation_ The Hidden Mathematics of Divine Perfection—When Thirteen Becomes the Number of the Remnant,The Hidden Mathematics of Divine Perfection—When Thirteen Becomes the Number of the Remnant,22,Personal Space/memo/PLAUD Meditations/March/03-20 Personal Meditation_ The Hidden Mathematics of Divine Perfection—When Thirteen Becomes the Number of the Remnant-Summary.md
2026-03-25,March,I,Tablet I · Volume I · The Architecture of Formation,Feb 14 – Apr 14 (60-day Kairos),"Meditation_ Hebrews 12 — Divine Chastening, Sonship, and the Unshakeable Kingdom","Hebrews 12 — Divine Chastening, Sonship, and the Unshakeable Kingdom",14,"Personal Space/memo/PLAUD Meditations/March/03-25 Meditation_ Hebrews 12 — Divine Chastening, Sonship, and the Unshakeable Kingdom-Summary.md"
2026-03-25,March,I,Tablet I · Volume I · The Architecture of Formation,Feb 14 – Apr 14 (60-day Kairos),"Meditation_Anticipation in Shaking—Hebrews 12, Discipline, Zion","03-25 Meditation_Anticipation in Shaking—Hebrews 12, Discipline, Zion",14,"Personal Space/memo/PLAUD Meditations/March/03-25 Meditation_Anticipation in Shaking—Hebrews 12, Discipline, Zion.md"
2026-03-25,March,I,Tablet I · Volume I · The Architecture of Formation,Feb 14 – Apr 14 (60-day Kairos),"Reflection_Severe Mercy, Wilderness Formation, and Identity Discipleship","03-25 Reflection_Severe Mercy, Wilderness Formation, and Identity Discipleship",12,"Personal Space/memo/PLAUD Meditations/March/03-25 Reflection_Severe Mercy, Wilderness Formation, and Identity Discipleship.md"
2026-03-25,March,I,Tablet I · Volume I · The Architecture of Formation,Feb 14 – Apr 14 (60-day Kairos),"Theological Dialogue_ Union with God, Divine Sovereignty, and the True Gospel","Union with God, Divine Sovereignty, and the True Gospel",12,"Personal Space/memo/PLAUD Meditations/March/03-25 Theological Dialogue_ Union with God, Divine Sovereignty, and the True Gospel-Summary.md"
2026-03-27,March,I,Tablet I · Volume I · The Architecture of Formation,Feb 14 – Apr 14 (60-day Kairos),"Late-Night Call_ Spiritual Authority, Identity, and Warfare in Christ","Spiritual Authority, Identity, and Warfare in Christ",12,"Personal Space/memo/PLAUD Meditations/March/03-27 Late-Night Call_ Spiritual Authority, Identity, and Warfare in Christ-Summary.md"
2026-03-27,March,I,Tablet I · Volume I · The Architecture of Formation,Feb 14 – Apr 14 (60-day Kairos),Sermon Reflection_ Custom-Made Blessing and Spiritual Warfare - Prophet Lovy Elias,Custom-Made Blessing and Spiritual Warfare - Prophet Lovy Elias,13,Personal Space/memo/PLAUD Meditations/March/03-27 Sermon Reflection_ Custom-Made Blessing and Spiritual Warfare - Prophet Lovy Elias-Summary.md
2026-03-27,March,I,Tablet I · Volume I · The Architecture of Formation,Feb 14 – Apr 14 (60-day Kairos),"Sermon Reflection_ Kingdom Authority, Holy Standards, and Spiritual Violence in Faith","Kingdom Authority, Holy Standards, and Spiritual Violence in Faith",15,"Personal Space/memo/PLAUD Meditations/March/03-27 Sermon Reflection_ Kingdom Authority, Holy Standards, and Spiritual Violence in Faith-Summary.md"
2026-03-27,March,I,Tablet I · Volume I · The Architecture of Formation,Feb 14 – Apr 14 (60-day Kairos),Spiritual Reflection_ Recognizing God's Work in Unlikely Transformation,this is a **casual-phone-call reflection** — Seth catching up with an old friend and noticing the Spirit moving in the margins. The file is the corpus's earliest naming of the *...,8,Personal Space/memo/PLAUD Meditations/March/03-27 Spiritual Reflection_ Recognizing God's Work in Unlikely Transformation-Summary.md
2026-03-28,March,I,Tablet I · Volume I · The Architecture of Formation,Feb 14 – Apr 14 (60-day Kairos),Sermon Reflection_ Divine Standards and Refusing the Valley - Prophet Lovy L. Elias,this is Seth's response to **Prophet Lovy Elias's Mar 28 sermon on divine standards** — the exact same preacher whose Aug 28 Moriah sermon closes the corpus's non-withholding ta...,8,Personal Space/memo/PLAUD Meditations/March/03-28 Sermon Reflection_ Divine Standards and Refusing the Valley - Prophet Lovy L. Elias-Summary.md
2026-03-28,March,I,Tablet I · Volume I · The Architecture of Formation,Feb 14 – Apr 14 (60-day Kairos),"Sermon Reflection_ Finished Work of Christ — Faith, Righteousness, and the True Gospel in James 2 -Johnny Chang",this is Seth's response to **Johnny Chang's Mar 28 exegesis of James 2** — the earliest and most rigorous naming of τετέλεσται (*tetelestai*) as the corpus's structural floor. T...,7,"Personal Space/memo/PLAUD Meditations/March/03-28 Sermon Reflection_ Finished Work of Christ — Faith, Righteousness, and the True Gospel in James 2 -Johnny Chang-Summary.md"
2026-03-28,March,I,Tablet I · Volume I · The Architecture of Formation,Feb 14 – Apr 14 (60-day Kairos),"Sermon Reflection_ Prayer, Spiritual Authority, and the Gospel of Grace",this is a **composite Mar 28 reflection** that braids Chang's James 2 exegesis with the corpus's earliest science-of-prayer doctrine: the distinction between the Spirit's *prese...,7,"Personal Space/memo/PLAUD Meditations/March/03-28 Sermon Reflection_ Prayer, Spiritual Authority, and the Gospel of Grace-Summary.md"
2026-03-28,March,I,Tablet I · Volume I · The Architecture of Formation,Feb 14 – Apr 14 (60-day Kairos),Sermon Reflection_ The Furnace of Secret Prayer and Spiritual Power,this is Seth's Mar 28 reflection on the **Furnace of Secret Prayer** — establishing the corpus's distinction between the Spirit's *presence* and δύναμις *released*. Luke 5:16-17...,7,Personal Space/memo/PLAUD Meditations/March/03-28 Sermon Reflection_ The Furnace of Secret Prayer and Spiritual Power-Summary.md
2026-03-28,March,I,Tablet I · Volume I · The Architecture of Formation,Feb 14 – Apr 14 (60-day Kairos),"Spiritual Reflection_ Truth-Telling, Wilderness Formation, and the Language of Ascent","this is Seth's Mar 28 reflection on **truth-telling, wilderness formation, and the language of ascent** — the first canonical naming of the *fire shut up in the bones* (Jer 20:9...",7,"Personal Space/memo/PLAUD Meditations/March/03-28 Spiritual Reflection_ Truth-Telling, Wilderness Formation, and the Language of Ascent-Summary.md"
2026-03-28,March,I,Tablet I · Volume I · The Architecture of Formation,Feb 14 – Apr 14 (60-day Kairos),"Theological Dialogue_ Suffering, Intercession, and the Fully Human Christ","this is the Mar 28 **theological dialogue with Samuel** on suffering, intercession, and the fully-human Christ. The file names the corpus's earliest naming of Seth's **prophetic...",8,"Personal Space/memo/PLAUD Meditations/March/03-28 Theological Dialogue_ Suffering, Intercession, and the Fully Human Christ-Summary.md"
2026-03-29,March,I,Tablet I · Volume I · The Architecture of Formation,Feb 14 – Apr 14 (60-day Kairos),Personal Meditation_ Hidden in the Alleyway No More,Hidden in the Alleyway No More,14,Personal Space/memo/PLAUD Meditations/March/03-29 13_04 Personal Meditation_ Hidden in the Alleyway No More.md
2026-03-30,March,I,Tablet I · Volume I · The Architecture of Formation,Feb 14 – Apr 14 (60-day Kairos),"@ 10_20 Reflection_ Enter With Nothing — Striving, Abiding, and the Secret Place That Undoes Us",this is Seth's Mar 30 · 10:20 dialogue with Samuel on the razor-thin distinction between **sanctified striving and surrendered abiding**. The file names the corpus's central str...,7,"Personal Space/memo/PLAUD Meditations/March/03-30 @ 10_20 Reflection_ Enter With Nothing — Striving, Abiding, and the Secret Place That Undoes Us-Summary.md"
2026-03-30,March,I,Tablet I · Volume I · The Architecture of Formation,Feb 14 – Apr 14 (60-day Kairos),Meditation_ The Loving Captivity of Chosen Bondservice to God,"this is Seth's Mar 30 personal spoken-word revelation on **δοῦλος** — the bondservant by choice. The file's cornerstone image: the Exodus 21 servant who, having been set free, h...",7,Personal Space/memo/PLAUD Meditations/March/03-30 Meditation_ The Loving Captivity of Chosen Bondservice to God-Summary.md
2026-03-31,March,I,Tablet I · Volume I · The Architecture of Formation,Feb 14 – Apr 14 (60-day Kairos),Personal Meditation_ Standing Still While Heaven Clothes You,"this is Seth's Mar 31 reflection on his brother's day — twelve hours of labor, an unexpected Somerset hilltop with praying Christians at sunset, tears over Emily, and the moment...",7,Personal Space/memo/PLAUD Meditations/March/03-31 Personal Meditation_ Standing Still While Heaven Clothes You-Summary.md
2026-04-01,April,I,Tablet I · Volume I · The Architecture of Formation,Feb 14 – Apr 14 (60-day Kairos),Reflection_ The Hunger That Precedes Understanding,"this is Seth's Apr 1 · 09:43 — **""The Hunger That Precedes Understanding.""** The corpus's earliest canonical naming of *hunger-comes-before-comprehension* as spiritual formation...",9,Personal Space/memo/PLAUD Meditations/April/04-01 09_43 Reflection_ The Hunger That Precedes Understanding-Summary.md
2026-04-02,April,I,Tablet I · Volume I · The Architecture of Formation,Feb 14 – Apr 14 (60-day Kairos),"Personal Meditation_ The Descent That Fills — Kenosis, Grief, and the Heart God Gives Back to the World","The Descent That Fills — Kenosis, Grief, and the Heart God Gives Back to the World",12,"Personal Space/memo/PLAUD Meditations/April/04-02 Personal Meditation_ The Descent That Fills — Kenosis, Grief, and the Heart God Gives Back to the World-Summary.md"
2026-04-03,April,I,Tablet I · Volume I · The Architecture of Formation,Feb 14 – Apr 14 (60-day Kairos),Teaching Reflection_ Whole Armor of the Praying Prophet,Whole Armor of the Praying Prophet,11,Personal Space/memo/PLAUD Meditations/April/04-03 02_21 Teaching Reflection_ Whole Armor of the Praying Prophet-Summary.md
2026-04-03,April,I,Tablet I · Volume I · The Architecture of Formation,Feb 14 – Apr 14 (60-day Kairos),"Reflection_ The Anger That Reveals, the Friday That Redeems","The Anger That Reveals, the Friday That Redeems",13,"Personal Space/memo/PLAUD Meditations/April/04-03 06_37 Reflection_ The Anger That Reveals, the Friday That Redeems-Summary.md"
2026-04-03,April,I,Tablet I · Volume I · The Architecture of Formation,Feb 14 – Apr 14 (60-day Kairos),Reflection_ The Table Being Set ,The Table Being Set ,14,Personal Space/memo/PLAUD Meditations/April/04-03 11_20 Reflection_ The Table Being Set -Summary.md
2026-04-03,April,I,Tablet I · Volume I · The Architecture of Formation,Feb 14 – Apr 14 (60-day Kairos),"Personal Meditation_ The Contrite Heart, the Breaking, and the Proximity That Makes Prayer Strong","The Contrite Heart, the Breaking, and the Proximity That Makes Prayer Strong",11,"Personal Space/memo/PLAUD Meditations/April/04-03 12_43 Personal Meditation_ The Contrite Heart, the Breaking, and the Proximity That Makes Prayer Strong-Summary.md"
2026-04-04,April,I,Tablet I · Volume I · The Architecture of Formation,Feb 14 – Apr 14 (60-day Kairos),Personal Meditation_ The Backward Glance,The Backward Glance,12,Personal Space/memo/PLAUD Meditations/April/04-04 13_33 Personal Meditation_ The Backward Glance-Summary.md
2026-04-04,April,I,Tablet I · Volume I · The Architecture of Formation,Feb 14 – Apr 14 (60-day Kairos),"Personal Meditation_ The Torn Veil, the Midnight Walk, and the Backwards Theology of a God Who Moves Address","The Torn Veil, the Midnight Walk, and the Backwards Theology of a God Who Moves Address",13,"Personal Space/memo/PLAUD Meditations/April/04-04 23_52 Personal Meditation_ The Torn Veil, the Midnight Walk, and the Backwards Theology of a God Who Moves Address-Summary.md"
2026-04-05,April,I,Tablet I · Volume I · The Architecture of Formation,Feb 14 – Apr 14 (60-day Kairos),Sermon Reflection_ The Mercy Hidden in Rebellion — Jonah and Divine Providence,"this is Seth's Apr 5 — **""The Mercy Hidden in Rebellion: Jonah and Divine Providence.""** The Jonah-arc's earliest sustained treatment: rebellion-becomes-conversion-event for the...",9,Personal Space/memo/PLAUD Meditations/April/04-05 Sermon Reflection_ The Mercy Hidden in Rebellion — Jonah and Divine Providence-Summary.md
2026-04-05,April,I,Tablet I · Volume I · The Architecture of Formation,Feb 14 – Apr 14 (60-day Kairos),Spiritual Reflection_ Wilderness Provision and Apostolic Formation in Matthew 15-16,this is Seth's Apr 5 — **wilderness provision and apostolic formation in Matt 15-16.** The four-thousand-fed + Peter's confession as *wilderness-teaches-abundance-before-the-mou...,9,Personal Space/memo/PLAUD Meditations/April/04-05 Spiritual Reflection_ Wilderness Provision and Apostolic Formation in Matthew 15-16-Summary.md
2026-04-06,April,I,Tablet I · Volume I · The Architecture of Formation,Feb 14 – Apr 14 (60-day Kairos),"Personal Meditation_ The Interior Wilderness, the Living Word","The Interior Wilderness, the Living Word",14,"Personal Space/memo/PLAUD Meditations/April/04-06 08_49 Personal Meditation_ The Interior Wilderness, the Living Word.md"
2026-04-06,April,I,Tablet I · Volume I · The Architecture of Formation,Feb 14 – Apr 14 (60-day Kairos),Reflection_ Roses With Thorns,Roses With Thorns,13,Personal Space/memo/PLAUD Meditations/April/04-06 16_48 Reflection_ Roses With Thorns-Summary.md
2026-04-06,April,I,Tablet I · Volume I · The Architecture of Formation,Feb 14 – Apr 14 (60-day Kairos),Personal Meditation_ Where Are You_,Where Are You_,11,Personal Space/memo/PLAUD Meditations/April/04-06 19_26 Personal Meditation_ Where Are You_-Summary.md
2026-04-07,April,I,Tablet I · Volume I · The Architecture of Formation,Feb 14 – Apr 14 (60-day Kairos),Personal Meditation_ Bring Nothing,"this is Seth's Apr 7 · 05:08 dawn call — a brother with divorce papers heading to the beach, and Seth speaks a covenant name that surprises even him: **""Don't bring nothing. If ...",6,Personal Space/memo/PLAUD Meditations/April/04-07 05_08 Personal Meditation_ Bring Nothing-Summary.md
2026-04-07,April,I,Tablet I · Volume I · The Architecture of Formation,Feb 14 – Apr 14 (60-day Kairos),Reflection_ The Gift That Sees,"this is Seth's Apr 7 · 06:46 UK-coastline call with Samuel — **the razor's edge between deep revelation and misread heresy**, and the singular gift that makes the difference: no...",6,Personal Space/memo/PLAUD Meditations/April/04-07 06_46 Reflection_ The Gift That Sees-Summary.md
2026-04-07,April,I,Tablet I · Volume I · The Architecture of Formation,Feb 14 – Apr 14 (60-day Kairos),Call Meditation_ The Staircase You Cannot See,"this is Seth's Apr 7 · 12:33 nine-minute call — Samuel receiving *""not a command to do a specific thing, but a posture and framework to inhabit.""* The moment God stops saying *w...",6,Personal Space/memo/PLAUD Meditations/April/04-07 12_33 Call Meditation_ The Staircase You Cannot See-Summary.md
2026-04-07,April,I,Tablet I · Volume I · The Architecture of Formation,Feb 14 – Apr 14 (60-day Kairos),Meditation Notice_ Casual Household Recording — No Spiritual Content Detected,"this is Seth's Apr 7 meditation notice — a casual household recording marked with no spiritual content; preserved as archive-completeness marker, part of the honest-proportion d...",7,Personal Space/memo/PLAUD Meditations/April/04-07 Meditation Notice_ Casual Household Recording — No Spiritual Content Detected-Summary.md
2026-04-07,April,I,Tablet I · Volume I · The Architecture of Formation,Feb 14 – Apr 14 (60-day Kairos),Template Guidance_ Requirements for Scriptural Content Processing,this is Seth's Apr 7 template guidance — requirements-for-scriptural-content-processing; a methodological note preserved as archive infrastructure.,7,Personal Space/memo/PLAUD Meditations/April/04-07 Template Guidance_ Requirements for Scriptural Content Processing-Summary.md
2026-04-08,April,I,Tablet I · Volume I · The Architecture of Formation,Feb 14 – Apr 14 (60-day Kairos),Reflection_ When the Ordinary Moment Becomes Holy Ground,When the Ordinary Moment Becomes Holy Ground,15,Personal Space/memo/PLAUD Meditations/April/04-08 10_27 Reflection_ When the Ordinary Moment Becomes Holy Ground-Summary.md
2026-04-08,April,I,Tablet I · Volume I · The Architecture of Formation,Feb 14 – Apr 14 (60-day Kairos),Theological Reflection_ Consecration of AI Tools and the High Priest Who Offered Himself,this is the Apr 8 Consecration of AI Tools *Highlights* variant — companion to the fuller Apr 8 Consecration file already threaded; preserves highlight-form for quick reference.,7,Personal Space/memo/PLAUD Meditations/April/04-08 Theological Reflection_ Consecration of AI Tools and the High Priest Who Offered Himself-Highlights.md
2026-04-08,April,I,Tablet I · Volume I · The Architecture of Formation,Feb 14 – Apr 14 (60-day Kairos),Theological Reflection_ Consecration of AI Tools and the High Priest Who Offered Himself,"this is Seth's Apr 8 theological reflection — **the AI tools refused to fabricate revelation where none existed** (""This would be presumption, not prophecy""), and Seth recognize...",6,Personal Space/memo/PLAUD Meditations/April/04-08 Theological Reflection_ Consecration of AI Tools and the High Priest Who Offered Himself-Summary.md
2026-04-08,April,I,Tablet I · Volume I · The Architecture of Formation,Feb 14 – Apr 14 (60-day Kairos),Theological Reflection_ Consecration of AI Tools,this is the Apr 8 Consecration of AI Tools variant — companion to the fuller Summary version already threaded; preserves the reflection's short-form root.,7,Personal Space/memo/PLAUD Meditations/April/04-08 Theological Reflection_ Consecration of AI Tools.md
2026-04-09,April,I,Tablet I · Volume I · The Architecture of Formation,Feb 14 – Apr 14 (60-day Kairos),"Daily Log_ Theological Depth, Domestic Life, and Spiritual Discernment",this is Seth's Apr 9 Daily Log — theological depth interwoven with domestic life; the honest-proportion discipline named at Apr 12 walked in ordinary hours.,7,"Personal Space/memo/PLAUD Meditations/April/04-09 Daily Log_ Theological Depth, Domestic Life, and Spiritual Discernment-Summary.md"
2026-04-10,April,I,Tablet I · Volume I · The Architecture of Formation,Feb 14 – Apr 14 (60-day Kairos),Reflection_ The Narrow Path Has Many Trees ,"this is Seth's Apr 10 · 14:42 factory-corner call — the Zimbabwean coworker Jacob's question *""How do you show God that you love Him?""*, the Melchizedek priesthood, and the corp...",7,Personal Space/memo/PLAUD Meditations/April/04-10 13_47 Reflection_ The Narrow Path Has Many Trees -Public Spoken Word — PLAUD Note Prompt.md
2026-04-10,April,I,Tablet I · Volume I · The Architecture of Formation,Feb 14 – Apr 14 (60-day Kairos),Call Reflection_ Four Months and Still Reading,"this is Seth's Apr 11 · 02:05 early-morning call with Samuel — waking in England to grief and old photographs, then almost accidentally seeing something larger than the pain: **...",6,Personal Space/memo/PLAUD Meditations/April/04-10 23_20 Call Reflection_ Four Months and Still Reading-Public Spoken Word — PLAUD Note Prompt.md
2026-04-10,April,I,Tablet I · Volume I · The Architecture of Formation,Feb 14 – Apr 14 (60-day Kairos),"Daily Log_ Commute Worship, Repentance, and Spiritual Fatigue","this is Seth's Apr 10 Daily Log — commute worship, repentance, and spiritual fatigue as continuous-life-block.",7,"Personal Space/memo/PLAUD Meditations/April/04-10 Daily Log_ Commute Worship, Repentance, and Spiritual Fatigue-Continuous Life Block Discernment & First-Person Reflection Template.md"
2026-04-10,April,I,Tablet I · Volume I · The Architecture of Formation,Feb 14 – Apr 14 (60-day Kairos),"Daily Log_ Factory Floor Theology — Kenosis, Remnant, and Melchizedek Christology","Factory Floor Theology — Kenosis, Remnant, and Melchizedek Christology",15,"Personal Space/memo/PLAUD Meditations/April/04-10 Daily Log_ Factory Floor Theology — Kenosis, Remnant, and Melchizedek Christology-Summary.md"
2026-04-10,April,I,Tablet I · Volume I · The Architecture of Formation,Feb 14 – Apr 14 (60-day Kairos),Daily Log_ Spiritual Discernment in an Ordinary Late-Night Household,this is Seth's Apr 10 Daily Log — late-night household as arena of spiritual discernment.,7,Personal Space/memo/PLAUD Meditations/April/04-10 Daily Log_ Spiritual Discernment in an Ordinary Late-Night Household-Summary.md
2026-04-10,April,I,Tablet I · Volume I · The Architecture of Formation,Feb 14 – Apr 14 (60-day Kairos),"Personal Meditation_ Identity, Iniquity, and the Image of God — A Prophetic Response to the LGBTQ+ Identity Debate","this is Seth's Apr 10 personal meditation — the corpus's earliest and clearest naming of **צֶלֶם (*tselem*) as received identity, not constructed self**. The file's cornerstone ...",8,"Personal Space/memo/PLAUD Meditations/April/04-10 Personal Meditation_ Identity, Iniquity, and the Image of God — A Prophetic Response to the LGBTQ+ Identity Debate-Summary.md"
2026-04-11,April,I,Tablet I · Volume I · The Architecture of Formation,Feb 14 – Apr 14 (60-day Kairos),Call Reflection_ The Flaming Sword,"this is Seth's Apr 11 · 14:25 call — Samuel names the **comfort loop**, and the file becomes the corpus's earliest and clearest treatment of *Laodicean-lukewarmness-as-comfort* ...",7,Personal Space/memo/PLAUD Meditations/April/04-11 14_11 Call Reflection_ The Flaming Sword-Public Spoken Word — PLAUD Note Prompt (1).md
2026-04-11,April,I,Tablet I · Volume I · The Architecture of Formation,Feb 14 – Apr 14 (60-day Kairos),"Call Reflection_ Kenosis, Sabbath Rest, Spiritual Authority, and Identity in Christ","Kenosis, Sabbath Rest, Spiritual Authority, and Identity in Christ",12,"Personal Space/memo/PLAUD Meditations/April/04-11 15_58 Call Reflection_ Kenosis, Sabbath Rest, Spiritual Authority, and Identity in Christ.md"
2026-04-11,April,I,Tablet I · Volume I · The Architecture of Formation,Feb 14 – Apr 14 (60-day Kairos),Call Reflection_ Summary_Note Test,this is Seth's Apr 11 · 15:58 summary-note test — a brief transcript-processing check; kept as archive-completeness marker in the corpus.,7,Personal Space/memo/PLAUD Meditations/April/04-11 15_58 Call Reflection_ Summary_Note Test-Public Spoken Word — PLAUD Note Prompt.md
2026-04-11,April,I,Tablet I · Volume I · The Architecture of Formation,Feb 14 – Apr 14 (60-day Kairos),"Daily Log Reflection_ Spiritual Discernment, Obedience, and the Gap Between Theology and Practice",this is Seth's Apr 11 Daily Log — the gap between theology and practice named (walked more fully in the Apr 11-14 MERGED fourfold).,7,"Personal Space/memo/PLAUD Meditations/April/04-11 Daily Log Reflection_ Spiritual Discernment, Obedience, and the Gap Between Theology and Practice-Summary.md"
2026-04-11,April,I,Tablet I · Volume I · The Architecture of Formation,Feb 14 – Apr 14 (60-day Kairos),"Daily Log Reflection_ Theological Discernment, AI Corpus Analysis",this is Seth's Apr 11 Daily Log — theological discernment paired with AI corpus analysis; the sanctified-silicon thread walked in domestic time.,7,"Personal Space/memo/PLAUD Meditations/April/04-11 Daily Log Reflection_ Theological Discernment, AI Corpus Analysis.md"
2026-04-11,April,I,Tablet I · Volume I · The Architecture of Formation,Feb 14 – Apr 14 (60-day Kairos),"Daily Log Reflection_ Trust, Pastoral Care, and the Spiritual Weight of Ordinary Hours","this is Seth's Apr 11 Daily Log — trust, pastoral care, and the spiritual weight of ordinary hours.",7,"Personal Space/memo/PLAUD Meditations/April/04-11 Daily Log Reflection_ Trust, Pastoral Care, and the Spiritual Weight of Ordinary Hours-Summary.md"
2026-04-11,April,I,Tablet I · Volume I · The Architecture of Formation,Feb 14 – Apr 14 (60-day Kairos),"to 04-14 MERGED — The Road, the River, the Robbery, and the Recording_ A Fourfold Meditation on Formation, Vigilance,...",this is the corpus's **most integrated single document** — a fourfold meditation braiding four separate Apr 11-14 recorded moments into one continuous word: (1) Seth's brother b...,10,"Personal Space/memo/PLAUD Meditations/April/04-11 to 04-14 MERGED — The Road, the River, the Robbery, and the Recording_ A Fourfold Meditation on Formation, Vigilance, Encounter, and the Gap-Public Spoken Word — PLAUD Note Prompt.md"
2026-04-12,April,I,Tablet I · Volume I · The Architecture of Formation,Feb 14 – Apr 14 (60-day Kairos),"Ambient Reflection_ Domestic Life, Theological Teaching, and the Father's Courtroom Verdict","this is Seth's Apr 12 Ambient Reflection — the sibling daily-log to the same-day 09:26/12:07/17:56 files, capturing the collision of two verdicts (accuser's condemnation vs. Fat...",6,"Personal Space/memo/PLAUD Meditations/April/04-12 Ambient Reflection_ Domestic Life, Theological Teaching, and the Father's Courtroom Verdict-Summary.md"
2026-04-12,April,I,Tablet I · Volume I · The Architecture of Formation,Feb 14 – Apr 14 (60-day Kairos),"Daily Log_ Spiritual Discernment, Obedience, and Ordinary Life — April 12, 2026","this is Seth's **four-block Apr 12 Daily Log** — an honest-proportion sweep across the whole day. Central move: the discipline of not spiritualizing the ordinary, and not flatte...",7,"Personal Space/memo/PLAUD Meditations/April/04-12 Daily Log_ Spiritual Discernment, Obedience, and Ordinary Life — April 12, 2026-Summary.md"
2026-04-12,April,I,Tablet I · Volume I · The Architecture of Formation,Feb 14 – Apr 14 (60-day Kairos),"Call Reflection_ Intercession, Heavenly Courtroom, and False Identity Garments",this is Seth's Apr 12 · 09:26 call with a brother about his mother — and it becomes the **corpus's earliest and richest doctrinal statement of intercession as courtroom**. The f...,8,"Personal Space/memo/PLAUD Meditations/April/04-12 at 09_26 — Call Reflection_ Intercession, Heavenly Courtroom, and False Identity Garments-Public Spoken Word — PLAUD Note Prompt.md"
2026-04-12,April,I,Tablet I · Volume I · The Architecture of Formation,Feb 14 – Apr 14 (60-day Kairos),"The War of Attrition, the Remnant Fire, and the Father Who Runs","this is Seth's Apr 12 · 12:07 sibling to the 09:26 courtroom file — the same day, four-file quartet, walked from doctrine (09:26) into strategic-warfare (12:07). The file names:...",8,"Personal Space/memo/PLAUD Meditations/April/04-12 at 12_07 — The War of Attrition, the Remnant Fire, and the Father Who Runs-Public Spoken Word — PLAUD Note Prompt.md"
2026-04-14,April,I,Tablet I · Volume I · The Architecture of Formation,Feb 14 – Apr 14 (60-day Kairos),"Conversation Reflection_ Kingdom Encounter, Testimony, and Discipleship Through the Margins","this is Seth's Apr 14 · 12:29 — **""Kingdom Encounter, Testimony, and Discipleship Through the Margins.""** The Apr 11-14 MERGED fourfold's Thomas-at-the-bus-stop pattern walked h...",8,"Personal Space/memo/PLAUD Meditations/April/04-14 12_29 Conversation Reflection_ Kingdom Encounter, Testimony, and Discipleship Through the Margins-Public Spoken Word — PLAUD Note Prompt.md"
2026-04-14,April,I,Tablet I · Volume I · The Architecture of Formation,Feb 14 – Apr 14 (60-day Kairos),"Call Reflection_ Prophetic Obedience, Spiritual Formation","Prophetic Obedience, Spiritual Formation",12,"Personal Space/memo/PLAUD Meditations/April/04-14 15_03 Call Reflection_ Prophetic Obedience, Spiritual Formation.md"
2026-04-14,April,I,Tablet I · Volume I · The Architecture of Formation,Feb 14 – Apr 14 (60-day Kairos),"Call Reflection_ Spiritual Warfare, Vigilance, and Kingdom Discipleship","this is Seth's Apr 14 · 17:26 — **""Spiritual Warfare, Vigilance, and Kingdom Discipleship.""** The Apr 11-14 fourfold's *robbery* frame walked as canonical vigilance-doctrine: th...",8,"Personal Space/memo/PLAUD Meditations/April/04-14 17_26 Call Reflection_ Spiritual Warfare, Vigilance, and Kingdom Discipleship-Public Spoken Word — PLAUD Note Prompt.md"
2026-04-14,April,I,Tablet I · Volume I · The Architecture of Formation,Feb 14 – Apr 14 (60-day Kairos),"Call Reflection_ Midnight Wakefulness, Prophetic Intercession & Sacred Night Watch","this is Seth's Apr 14 — **""Midnight Wakefulness, Prophetic Intercession & Sacred Night Watch.""** The-worst-thing-you-can-do-is-take-melatonin (from the MERGED fourfold) walked a...",8,"Personal Space/memo/PLAUD Meditations/April/04-14 Call Reflection_ Midnight Wakefulness, Prophetic Intercession & Sacred Night Watch-Public Spoken Word — PLAUD Note Prompt.md"
2026-04-16,April,BRIDGE_I_II,Tablet Bridge I→II · Post-Kairos bridge,Apr 15-17,"- Call Reflection_ Kingdom Economics, Mammon, and the Cross as Economic Subversion","Kingdom Economics, Mammon, and the Cross as Economic Subversion",13,"Personal Space/memo/PLAUD Meditations/April/04-16 10_14 - Call Reflection_ Kingdom Economics, Mammon, and the Cross as Economic Subversion-Public Spoken Word — PLAUD Note Prompt.md"
2026-04-16,April,BRIDGE_I_II,Tablet Bridge I→II · Post-Kairos bridge,Apr 15-17,"Personal Reflection_ Spiritual Accountability, Conversion Testimony, and Business Entanglements","this is Seth's Apr 16 personal reflection on spiritual accountability, conversion testimony, and the business entanglements from his 2022 breaking (his profile's Husband/Entrepr...",6,"Personal Space/memo/PLAUD Meditations/April/04-16 Personal Reflection_ Spiritual Accountability, Conversion Testimony, and Business Entanglements-Public Spoken Word — PLAUD Note Prompt (1).md"
2026-04-18,April,II,Tablet II · Volume II · Testimony of a Witness,Apr 18 – May 24,Conversation_ Theological Reflection Amid Vacation — Baker Beach & Fort Baker,"this is Seth's Apr 18 — **""Theological Reflection Amid Vacation — Baker Beach & Fort Baker.""** SF trip's opening theological moment: Nicodemus's late-arriving-devotion contraste...",8,Personal Space/memo/PLAUD Meditations/April/04-18 Conversation_ Theological Reflection Amid Vacation — Baker Beach & Fort Baker-Public Spoken Word — PLAUD Note Prompt.md
2026-04-18,April,II,Tablet II · Volume II · Testimony of a Witness,Apr 18 – May 24,"Day Trip_ San Francisco Sightseeing — Japanese Tea Garden, Palace of Fine Arts & Bay Area","this is Seth's Apr 18 day-trip through Japanese Tea Garden, Palace of Fine Arts, and Bay Area — SF-trip vacation-as-formation.",7,"Personal Space/memo/PLAUD Meditations/April/04-18 Day Trip_ San Francisco Sightseeing — Japanese Tea Garden, Palace of Fine Arts & Bay Area-Public Spoken Word — PLAUD Note Prompt.md"
2026-04-18,April,II,Tablet II · Volume II · Testimony of a Witness,Apr 18 – May 24,Outing_ Golden Gate Bridge Walk & Mountaintop Reflection with Seth's Group,this is Seth's Apr 18 Golden Gate Bridge walk and mountaintop reflection with the group — the SF trip's peak-vista moment as sacred-ordinary encounter.,7,Personal Space/memo/PLAUD Meditations/April/04-18 Outing_ Golden Gate Bridge Walk & Mountaintop Reflection with Seth's Group-Public Spoken Word — PLAUD Note Prompt.md
2026-04-18,April,II,Tablet II · Volume II · Testimony of a Witness,Apr 18 – May 24,Outing_ San Francisco Botanical Garden & Japanese Tea Garden,this is Seth's Apr 18 SF Botanical Garden and Japanese Tea Garden outing — beauty-received-with-brothers as covenantal moment.,7,Personal Space/memo/PLAUD Meditations/April/04-18 Outing_ San Francisco Botanical Garden & Japanese Tea Garden-Public Spoken Word — PLAUD Note Prompt.md
2026-04-19,April,II,Tablet II · Volume II · Testimony of a Witness,Apr 18 – May 24,"Recorded Conversation_ Group Outing in San Francisco – Attractions, Food & Logistics",this is Seth's Apr 19 SF group outing — the ordinary logistics of a shared vacation as covenantal texture (brotherhood in mundane detail).,7,"Personal Space/memo/PLAUD Meditations/April/04-19 Recorded Conversation_ Group Outing in San Francisco – Attractions, Food & Logistics-Public Spoken Word — PLAUD Note Prompt.md"
2026-04-19,April,II,Tablet II · Volume II · Testimony of a Witness,Apr 18 – May 24,Recorded Conversation_ San Francisco Multi-Day Sightseeing Trip,this is Seth's Apr 19 SF multi-day sightseeing recording — a continuous life block of the trip captured raw.,7,Personal Space/memo/PLAUD Meditations/April/04-19 Recorded Conversation_ San Francisco Multi-Day Sightseeing Trip.md
2026-04-20,April,II,Tablet II · Volume II · Testimony of a Witness,Apr 18 – May 24,Conversation_ San Francisco Group Vacation — Final Days Sightseeing,this is Seth's Apr 20 SF group vacation final days — the trip's closing sights as gratitude-in-covenant.,7,Personal Space/memo/PLAUD Meditations/April/04-20 Conversation_ San Francisco Group Vacation — Final Days Sightseeing-Public Spoken Word — PLAUD Note Prompt.md
2026-04-20,April,II,Tablet II · Volume II · Testimony of a Witness,Apr 18 – May 24,"Outing_ San Francisco Group Trip — Cable Cars, Filipino Food, and the Painted Ladies","this is Seth's Apr 20 SF group trip — cable cars, Filipino food, Painted Ladies as sacred-ordinary encounter across cultures.",7,"Personal Space/memo/PLAUD Meditations/April/04-20 Outing_ San Francisco Group Trip — Cable Cars, Filipino Food, and the Painted Ladies-Public Spoken Word — PLAUD Note Prompt.md"
2026-04-20,April,II,Tablet II · Volume II · Testimony of a Witness,Apr 18 – May 24,"Travel Log_ San Francisco Group Day — Cable Cars, Rain, Filipino Food & Spiritual Moments","this is Seth's Apr 20 SF travel log — cable cars, rain, Filipino food, and spiritual moments in the ordinary vacation day.",7,"Personal Space/memo/PLAUD Meditations/April/04-20 Travel Log_ San Francisco Group Day — Cable Cars, Rain, Filipino Food & Spiritual Moments-Public Spoken Word — PLAUD Note Prompt (1).md"
2026-04-20,April,II,Tablet II · Volume II · Testimony of a Witness,Apr 18 – May 24,"at 10_34 Call Reflection_ Holy Spirit Compulsion, Brotherhood, and Covenant Prayer","Holy Spirit Compulsion, Brotherhood, and Covenant Prayer",17,"Personal Space/memo/PLAUD Meditations/April/04-20 at 10_34 Call Reflection_ Holy Spirit Compulsion, Brotherhood, and Covenant Prayer-Public Spoken Word — PLAUD Note Prompt.md"
2026-04-21,April,II,Tablet II · Volume II · Testimony of a Witness,Apr 18 – May 24,Call Reflection_ Spiritual Discernment in a Business Opportunity with Brazilian Associates,this is Seth's Apr 21 · 12:33 — **spiritual discernment in a business opportunity with Brazilian associates.** Prov 19:2 haste-under-urgency + Ps 37:23 צָעַד (tsa'ad) steps-orde...,9,Personal Space/memo/PLAUD Meditations/April/04-21 12_33 Call Reflection_ Spiritual Discernment in a Business Opportunity with Brazilian Associates-Public Spoken Word — PLAUD Note Prompt.md
2026-04-21,April,II,Tablet II · Volume II · Testimony of a Witness,Apr 18 – May 24,"Accidental Mafia Oath, Drinking Regrets, and the Fear of the Lord","this is Seth's Apr 21 · 18:06 — **""Accidental Mafia Oath, Drinking Regrets, and the Fear of the Lord.""** SF trip's other-side: יִרְאַת יְהוָה (yir'at YHWH) walked as *grounded-r...",9,"Personal Space/memo/PLAUD Meditations/April/04-21 18_06 Accidental Mafia Oath, Drinking Regrets, and the Fear of the Lord-Public Spoken Word — PLAUD Note Prompt.md"
2026-04-22,April,II,Tablet II · Volume II · Testimony of a Witness,Apr 18 – May 24,"at 06_29 Call Reflection_ Samuel's Grief, Sobriety Decision, and Spiritual Warfare","Samuel's Grief, Sobriety Decision, and Spiritual Warfare",16,"Personal Space/memo/PLAUD Meditations/April/04-22 at 06_29 Call Reflection_ Samuel's Grief, Sobriety Decision, and Spiritual Warfare-Public Spoken Word — PLAUD Note Prompt.md"
2026-04-23,April,II,Tablet II · Volume II · Testimony of a Witness,Apr 18 – May 24,"Theological Call Reflection_ Wilderness Formation, Prophetic Commission","Wilderness Formation, Prophetic Commission",10,"Personal Space/memo/PLAUD Meditations/April/04-23 07_42 Theological Call Reflection_ Wilderness Formation, Prophetic Commission.md"
2026-04-25,April,II,Tablet II · Volume II · Testimony of a Witness,Apr 18 – May 24,"Call Reflection_ Spiritual Weariness, Discouragement, and Renewal","this is Seth's Apr 25 · 06:38 late-night call with Samuel — the corpus's **earliest sustained naming of weariness-as-warfare**, with Apostle Cecil's teaching added as a third vo...",6,"Personal Space/memo/PLAUD Meditations/April/04-25 03_47 Call Reflection_ Spiritual Weariness, Discouragement, and Renewal-Public Spoken Word — PLAUD Note Prompt.md"
2026-04-25,April,II,Tablet II · Volume II · Testimony of a Witness,Apr 18 – May 24,"Conversation_ Pastoral Discipleship, Sam's Spiritual Journey, and Prophetic Network Dashboard","this is Seth's Apr 24-25 sustained conversation reflection — **""God is not a peripheral variable... He is the topology itself.""** The corpus's earliest and clearest naming of GO...",7,"Personal Space/memo/PLAUD Meditations/April/04-25 Conversation_ Pastoral Discipleship, Sam's Spiritual Journey, and Prophetic Network Dashboard-Public Spoken Word — PLAUD Note Prompt.md"
2026-04-25,April,II,Tablet II · Volume II · Testimony of a Witness,Apr 18 – May 24,"Daily Log_ Workplace Conflict, Pastoral Exchange, Theological Work","this is Seth's Apr 24 conversational reflection — **the day when the kitchen burns, the road reveals, and the network holds**. The corpus's foundational naming of *the Logos as ...",6,"Personal Space/memo/PLAUD Meditations/April/04-25 Daily Log_ Workplace Conflict, Pastoral Exchange, Theological Work.md"
2026-04-25,April,II,Tablet II · Volume II · Testimony of a Witness,Apr 18 – May 24,at 17_05 Leon's Word from the Lord — Barabbas Bible Study,04-25 at 17_05 Leon's Word from the Lord — Barabbas Bible Study,12,Personal Space/memo/PLAUD Meditations/April/04-25 at 17_05 Leon's Word from the Lord — Barabbas Bible Study-Public Spoken Word — PLAUD Note Prompt.md
2026-04-26,April,II,Tablet II · Volume II · Testimony of a Witness,Apr 18 – May 24,"at 02_53 Conversation Reflection_ Kenosis, Spiritual Formation","this is Seth's Apr 26 · 03:12 conversation with Samuel — **""when the mask falls and the wilderness speaks""** — Samuel's raw unfiltered anger before God, then Psalm 139:14 delive...",6,"Personal Space/memo/PLAUD Meditations/April/04-26 at 02_53 Conversation Reflection_ Kenosis, Spiritual Formation.md"
2026-04-27,April,II,Tablet II · Volume II · Testimony of a Witness,Apr 18 – May 24,"Corpus Topology, Mantle-Throwing Season, and Covenantal Witness","04-27 at 17_57 — Corpus Topology, Mantle-Throwing Season, and Covenantal Witness",14,"Personal Space/memo/PLAUD Meditations/April/04-27 at 17_57 — Corpus Topology, Mantle-Throwing Season, and Covenantal Witness-Public Spoken Word — PLAUD Note Prompt.md"
2026-04-28,April,II,Tablet II · Volume II · Testimony of a Witness,Apr 18 – May 24,@ 17_42 Call with Samuel,this is Seth's Apr 28 · 18:10 call with Samuel — **prophetic integrity and the terrifying weight of speaking in God's name when God did not speak**. The dream of war with Iran g...,6,Personal Space/memo/PLAUD Meditations/April/04-28 @ 17_42 Call with Samuel-Public Spoken Word — PLAUD Note Prompt.md
2026-04-28,April,II,Tablet II · Volume II · Testimony of a Witness,Apr 18 – May 24,"Recording_ Stranded in Moorhead – Alternator Repair, Stranger's Help, and Gratitude Home",this is Seth's Apr 28 · 20:26 recording — **mercy in the parking lot and the lesson of a stranger**. חֶסֶד (*chesed*) walked in an alternator repair; the stranger who helps pres...,6,"Personal Space/memo/PLAUD Meditations/April/04-28 Recording_ Stranded in Moorhead – Alternator Repair, Stranger's Help, and Gratitude Home-Public Spoken Word — PLAUD Note Prompt.md"
2026-04-28,April,II,Tablet II · Volume II · Testimony of a Witness,Apr 18 – May 24,Mercy in the Parking Lot and the Lesson of a Stranger,04-28 at 20_26 — Mercy in the Parking Lot and the Lesson of a Stranger,9,Personal Space/memo/PLAUD Meditations/April/04-28 at 20_26 — Mercy in the Parking Lot and the Lesson of a Stranger-Public Spoken Word — PLAUD Note Prompt.md
2026-04-29,April,II,Tablet II · Volume II · Testimony of a Witness,Apr 18 – May 24,"Call Reflection_ Grief, Confession, and Spiritual Surrende","this is Seth's Apr 29 · 20:33 call — Samuel bringing the struggle INTO THE LIGHT while it is still alive in his hands (drinking, smoking, sorrowful music, memory of a woman gone...",7,"Personal Space/memo/PLAUD Meditations/April/04-29 Call Reflection_ Grief, Confession, and Spiritual Surrende-Public Spoken Word — PLAUD Note Prompt.md"
2026-04-29,April,II,Tablet II · Volume II · Testimony of a Witness,Apr 18 – May 24,The False Ascent and the Narrow Door,04-29 at 18_27 — The False Ascent and the Narrow Door,10,Personal Space/memo/PLAUD Meditations/April/04-29 at 18_27 — The False Ascent and the Narrow Door-Public Spoken Word — PLAUD Note Prompt.md
2026-04-30,April,II,Tablet II · Volume II · Testimony of a Witness,Apr 18 – May 24,"Call Reflection_ Samuel's Spiritual Threshold — Faith, Calling, and the Cross","Samuel's Spiritual Threshold — Faith, Calling, and the Cross",12,"Personal Space/memo/PLAUD Meditations/April/04-30 Call Reflection_ Samuel's Spiritual Threshold — Faith, Calling, and the Cross-Public Spoken Word — PLAUD Note Prompt.md"
2026-04-30,April,II,Tablet II · Volume II · Testimony of a Witness,Apr 18 – May 24,"Call Reflection_ Spiritual Discipleship — The Backward Glance, Lot's Wife, and the Egypt Mindset","Spiritual Discipleship — The Backward Glance, Lot's Wife, and the Egypt Mindset",13,"Personal Space/memo/PLAUD Meditations/April/04-30 Call Reflection_ Spiritual Discipleship — The Backward Glance, Lot's Wife, and the Egypt Mindset-Public Spoken Word — PLAUD Note Prompt.md"
2026-05-01,May,II,Tablet II · Volume II · Testimony of a Witness,Apr 18 – May 24,Call Reflection_ Divine Encounter — Samuel's Breaking Point and Spiritual Transformation,Divine Encounter — Samuel's Breaking Point and Spiritual Transformation,19,Personal Space/memo/PLAUD Meditations/May/05-01 Call Reflection_ Divine Encounter — Samuel's Breaking Point and Spiritual Transformation-Public Spoken Word — PLAUD Note Prompt.md
2026-05-02,May,II,Tablet II · Volume II · Testimony of a Witness,Apr 18 – May 24,"Call Reflection_ Spiritual Discernment, False Mediation, and Commercialization in Ministry",this is Seth's May 2 — **false mediation and commercialization in ministry.** Ez 3:17 watchman-burden as love-formed grief; the counterfeit suddenly intolerable to the one who t...,5,"Personal Space/memo/PLAUD Meditations/May/05-02 Call Reflection_ Spiritual Discernment, False Mediation, and Commercialization in Ministry-Public Spoken Word — PLAUD Note Prompt.md"
2026-05-02,May,II,Tablet II · Volume II · Testimony of a Witness,Apr 18 – May 24,"Conversation Reflection_ Spiritual Discernment, Authentic Presence",Seth's May 2 — spiritual discernment and authentic presence; the counterfeit-vs-real-encounter doctrine walked.,6,"Personal Space/memo/PLAUD Meditations/May/05-02 Conversation Reflection_ Spiritual Discernment, Authentic Presence.md"
2026-05-03,May,II,Tablet II · Volume II · Testimony of a Witness,Apr 18 – May 24,"Call Reflection_ Spiritual Discernment — False Shepherds, Ministry Fraud, and Protecting the Flock","Seth's May 3 — false shepherds, ministry fraud, protecting the flock; watchman-burden doctrine.",6,"Personal Space/memo/PLAUD Meditations/May/05-03 Call Reflection_ Spiritual Discernment — False Shepherds, Ministry Fraud, and Protecting the Flock-Public Spoken Word — PLAUD Note Prompt.md"
2026-05-03,May,II,Tablet II · Volume II · Testimony of a Witness,Apr 18 – May 24,The Physical Suffering of Jesus,05-03 at 17_48 — The Physical Suffering of Jesus,10,Personal Space/memo/PLAUD Meditations/May/05-03 at 17_48 — The Physical Suffering of Jesus-Public Spoken Word — PLAUD Note Prompt.md
2026-05-06,May,II,Tablet II · Volume II · Testimony of a Witness,Apr 18 – May 24,"Call Reflection_ The Cross, Identity in Christ, and Samuel's Vocational Discernment","The Cross, Identity in Christ, and Samuel's Vocational Discernment",16,"Personal Space/memo/PLAUD Meditations/May/05-06 Call Reflection_ The Cross, Identity in Christ, and Samuel's Vocational Discernment-Public Spoken Word — PLAUD Note Prompt.md"
2026-05-07,May,II,Tablet II · Volume II · Testimony of a Witness,Apr 18 – May 24,"Call Reflection_ Covenant Manhood, Celibacy, and Becoming Worthy of What You Pray For","Covenant Manhood, Celibacy, and Becoming Worthy of What You Pray For",8,"Personal Space/memo/PLAUD Meditations/May/05-07 Call Reflection_ Covenant Manhood, Celibacy, and Becoming Worthy of What You Pray For-Public Spoken Word — PLAUD Note Prompt.md"
2026-05-08,May,II,Tablet II · Volume II · Testimony of a Witness,Apr 18 – May 24,"Call Reflection_ Crisis Faith, Household Breakdown & Fourth-Watch Provision","Crisis Faith, Household Breakdown & Fourth-Watch Provision",11,"Personal Space/memo/PLAUD Meditations/May/05-08 Call Reflection_ Crisis Faith, Household Breakdown & Fourth-Watch Provision-Public Spoken Word — PLAUD Note Prompt.md"
2026-05-08,May,II,Tablet II · Volume II · Testimony of a Witness,Apr 18 – May 24,"Call Reflection_ Spiritual Warfare, Covenant Friendship, and a Brother's Darkest Night","Spiritual Warfare, Covenant Friendship, and a Brother's Darkest Night",16,"Personal Space/memo/PLAUD Meditations/May/05-08 Call Reflection_ Spiritual Warfare, Covenant Friendship, and a Brother's Darkest Night-Public Spoken Word — PLAUD Note Prompt.md"
2026-05-09,May,II,Tablet II · Volume II · Testimony of a Witness,Apr 18 – May 24,"Call Reflection_ Kingdom Stewardship, Wilderness Formation & Divine Sovereignty","this is Seth's May 9 — **Kingdom stewardship, wilderness formation & divine sovereignty.** Ps 127:1 שָׁוְא (vanity) as *human-effort-disconnected-from-divine-mandate*; Matt 25 φ...",5,"Personal Space/memo/PLAUD Meditations/May/05-09 Call Reflection_ Kingdom Stewardship, Wilderness Formation & Divine Sovereignty-Public Spoken Word — PLAUD Note Prompt.md"
2026-05-10,May,II,Tablet II · Volume II · Testimony of a Witness,Apr 18 – May 24,Teaching Reflection_ The Triangle of Kingdom Power,The Triangle of Kingdom Power,13,Personal Space/memo/PLAUD Meditations/May/05-10 Teaching Reflection_ The Triangle of Kingdom Power.md
2026-05-10,May,II,Tablet II · Volume II · Testimony of a Witness,Apr 18 – May 24,"Brotherhood, the Round Table, the God Who Sees, and the Plow ","05-10 at 14_28 — Brotherhood, the Round Table, the God Who Sees, and the Plow ",16,"Personal Space/memo/PLAUD Meditations/May/05-10 at 14_28 — Brotherhood, the Round Table, the God Who Sees, and the Plow .md"
2026-05-11,May,II,Tablet II · Volume II · Testimony of a Witness,Apr 18 – May 24,"Personal Reflection_ Strange Dream, Illness, and Jerusalem Imagery","Strange Dream, Illness, and Jerusalem Imagery",7,"Personal Space/memo/PLAUD Meditations/May/05-11 Personal Reflection_ Strange Dream, Illness, and Jerusalem Imagery-Public Spoken Word — PLAUD Note Prompt.md"
2026-05-12,May,II,Tablet II · Volume II · Testimony of a Witness,Apr 18 – May 24,"Personal Reflection_ AI Trust, SYMPOIARCH, and Kingdom Economics","AI Trust, SYMPOIARCH, and Kingdom Economics",11,"Personal Space/memo/PLAUD Meditations/May/05-12 Personal Reflection_ AI Trust, SYMPOIARCH, and Kingdom Economics-Public Spoken Word — PLAUD Note Prompt.md"
2026-05-12,May,II,Tablet II · Volume II · Testimony of a Witness,Apr 18 – May 24,"Personal Reflection_ Resurrection, Severe Mercy, and Divine Discipline","Resurrection, Severe Mercy, and Divine Discipline",16,"Personal Space/memo/PLAUD Meditations/May/05-12 Personal Reflection_ Resurrection, Severe Mercy, and Divine Discipline-Public Spoken Word — PLAUD Note Prompt.md"
2026-05-12,May,II,Tablet II · Volume II · Testimony of a Witness,Apr 18 – May 24,Teaching Reflection_ Gospel-Centered Inside-Out Transformation and the Witness of the Spirit,Seth's May 12 — gospel-centered inside-out transformation and the witness of the Spirit; μετάνοια as interior reorientation.,6,Personal Space/memo/PLAUD Meditations/May/05-12 Teaching Reflection_ Gospel-Centered Inside-Out Transformation and the Witness of the Spirit-Public Spoken Word — PLAUD Note Prompt.md
2026-05-12,May,II,Tablet II · Volume II · Testimony of a Witness,Apr 18 – May 24,"Teaching Reflection_ Spirit-Led Life, Uncertainty, and the Wilderness","Seth's May 12 — Spirit-led life, uncertainty, and the wilderness; the cloud-model of one-step-at-a-time obedience walked.",6,"Personal Space/memo/PLAUD Meditations/May/05-12 Teaching Reflection_ Spirit-Led Life, Uncertainty, and the Wilderness-Public Spoken Word — PLAUD Note Prompt.md"
2026-05-14,May,II,Tablet II · Volume II · Testimony of a Witness,Apr 18 – May 24,"Conversation Reflection_ Covenant Friendship, Creative Writing, and Scripture","Seth's May 14 — covenant friendship, creative writing, and Scripture; the plural-prophetic-archive's early form.",6,"Personal Space/memo/PLAUD Meditations/May/05-14 Conversation Reflection_ Covenant Friendship, Creative Writing, and Scripture-Public Spoken Word — PLAUD Note Prompt.md"
2026-05-14,May,II,Tablet II · Volume II · Testimony of a Witness,Apr 18 – May 24,"Workplace Recording_ Measurements, Blueprints, and Parts Troubleshooting","Measurements, Blueprints, and Parts Troubleshooting",11,"Personal Space/memo/PLAUD Meditations/May/05-14 Workplace Recording_ Measurements, Blueprints, and Parts Troubleshooting-Public Spoken Word — PLAUD Note Prompt.md"
2026-05-15,May,II,Tablet II · Volume II · Testimony of a Witness,Apr 18 – May 24,"Call Reflection_ Intercession, Kingdom Economy, and Prophetic Calling","this is Seth's May 15 · 10:19 call — **""When the Altar Holds the Engine: Intercession, Calling, and the Kingdom Economy.""** Same-day sibling to the mantle-passed intercession-fo...",6,"Personal Space/memo/PLAUD Meditations/May/05-15 Call Reflection_ Intercession, Kingdom Economy, and Prophetic Calling-Public Spoken Word — PLAUD Note Prompt.md"
2026-05-15,May,II,Tablet II · Volume II · Testimony of a Witness,Apr 18 – May 24,"Call Reflection_ Spiritual Discernment, Sobriety, and Self-Recognition Through Ordinary Encounters","this is Seth's May 15 · 16:46 call — **""A Mirror in the Night: What the Drunk Calls Revealed.""** Central move: Samuel's honest observation that drinking becomes destructive *onl...",6,"Personal Space/memo/PLAUD Meditations/May/05-15 Call Reflection_ Spiritual Discernment, Sobriety, and Self-Recognition Through Ordinary Encounters-Public Spoken Word — PLAUD Note Prompt.md"
2026-05-15,May,II,Tablet II · Volume II · Testimony of a Witness,Apr 18 – May 24,Personal Reflection_ Humble Christian Teaching and James’s Warning,"this is Seth's May 15 · 09:33 theological reflection — **""When the Word Is True but the Way Is Wrong.""** Central move: James 3:1 warning (""stricter judgment for teachers"") walke...",6,Personal Space/memo/PLAUD Meditations/May/05-15 Personal Reflection_ Humble Christian Teaching and James’s Warning-Public Spoken Word — PLAUD Note Prompt.md
2026-05-15,May,II,Tablet II · Volume II · Testimony of a Witness,Apr 18 – May 24,Personal Reflection_ Intercession for Peter and Spiritual Discernment,"this is Seth's May 15 · 15:31 personal meditation — **""The Mantle Passed, the Intercession Begun.""** The corpus's foundational naming of Seth's **Samuel Loop as intercessory-man...",6,Personal Space/memo/PLAUD Meditations/May/05-15 Personal Reflection_ Intercession for Peter and Spiritual Discernment-Public Spoken Word — PLAUD Note Prompt.md
2026-05-16,May,II,Tablet II · Volume II · Testimony of a Witness,Apr 18 – May 24,"Call Reflection_ Broken Spirit, Intercession, and God's Accessibility","Broken Spirit, Intercession, and God's Accessibility",13,"Personal Space/memo/PLAUD Meditations/May/05-16 Call Reflection_ Broken Spirit, Intercession, and God's Accessibility-Public Spoken Word — PLAUD Note Prompt (1).md"
2026-05-16,May,II,Tablet II · Volume II · Testimony of a Witness,Apr 18 – May 24,"Conversation Reflection_ Covenant Theology, Spiritual Discernment, and Cross-Cultural Brotherhood","Covenant Theology, Spiritual Discernment, and Cross-Cultural Brotherhood",13,"Personal Space/memo/PLAUD Meditations/May/05-16 Conversation Reflection_ Covenant Theology, Spiritual Discernment, and Cross-Cultural Brotherhood-Public Spoken Word — PLAUD Note Prompt (1).md"
2026-05-16,May,II,Tablet II · Volume II · Testimony of a Witness,Apr 18 – May 24,"Conversation Reflection_ Discipleship, Prophetic Discernment, and Covenantal Friendship","Discipleship, Prophetic Discernment, and Covenantal Friendship",11,"Personal Space/memo/PLAUD Meditations/May/05-16 Conversation Reflection_ Discipleship, Prophetic Discernment, and Covenantal Friendship-Public Spoken Word — PLAUD Note Prompt.md"
2026-05-16,May,II,Tablet II · Volume II · Testimony of a Witness,Apr 18 – May 24,"Conversation Reflection_ Kingdom Theology, Homeless Ministry, and Covenant Accountability","Kingdom Theology, Homeless Ministry, and Covenant Accountability",10,"Personal Space/memo/PLAUD Meditations/May/05-16 Conversation Reflection_ Kingdom Theology, Homeless Ministry, and Covenant Accountability-Public Spoken Word — PLAUD Note Prompt.md"
2026-05-16,May,II,Tablet II · Volume II · Testimony of a Witness,Apr 18 – May 24,"Conversation Reflection_ Sacred Encounters in Ordinary Dialogue — Faith, Kenosis, and Kingdom Vision","Sacred Encounters in Ordinary Dialogue — Faith, Kenosis, and Kingdom Vision",14,"Personal Space/memo/PLAUD Meditations/May/05-16 Conversation Reflection_ Sacred Encounters in Ordinary Dialogue — Faith, Kenosis, and Kingdom Vision-Public Spoken Word — PLAUD Note Prompt.md"
2026-05-18,May,II,Tablet II · Volume II · Testimony of a Witness,Apr 18 – May 24,"Call Reflection_ Gifting, Identity, and the Architecture of a Redeemed Mind","this is Seth's May 18 · 21:57 call — **""Brilliant in the Far Country: Gifting, Identity, and the Architecture of a Redeemed Mind.""** Two intelligent men whose brilliance was, in...",6,"Personal Space/memo/PLAUD Meditations/May/05-18 Call Reflection_ Gifting, Identity, and the Architecture of a Redeemed Mind-Public Spoken Word — PLAUD Note Prompt.md"
2026-05-18,May,II,Tablet II · Volume II · Testimony of a Witness,Apr 18 – May 24,Teaching Reflection_ Discerning Gnostic Revision vs. the Canonical Gospel,"this is Seth's May 18 · 20:54 teaching reflection on **the Gnostic revision as very old serpent-lie in new wrapping**. Central move: *""the spirit behind this teaching is not new...",6,Personal Space/memo/PLAUD Meditations/May/05-18 Teaching Reflection_ Discerning Gnostic Revision vs. the Canonical Gospel-Public Spoken Word — PLAUD Note Prompt.md
2026-05-18,May,II,Tablet II · Volume II · Testimony of a Witness,Apr 18 – May 24,"Theological Reflection_ Codex Gigas, Spiritual Warfare, and Covenantal Authority","Codex Gigas, Spiritual Warfare, and Covenantal Authority",12,"Personal Space/memo/PLAUD Meditations/May/05-18 Theological Reflection_ Codex Gigas, Spiritual Warfare, and Covenantal Authority-Public Spoken Word — PLAUD Note Prompt.md"
2026-05-19,May,II,Tablet II · Volume II · Testimony of a Witness,Apr 18 – May 24,"Call Reflection_ Spiritual Insight — Sabbath Rest, Blind Men, and the Grammar of Grace","Spiritual Insight — Sabbath Rest, Blind Men, and the Grammar of Grace",13,"Personal Space/memo/PLAUD Meditations/May/05-19 Call Reflection_ Spiritual Insight — Sabbath Rest, Blind Men, and the Grammar of Grace-Public Spoken Word — PLAUD Note Prompt.md"
2026-05-19,May,II,Tablet II · Volume II · Testimony of a Witness,Apr 18 – May 24,"Conversation Reflection_ Covenant, Sanctification, and the Theology of Ordinary Life","this is Seth's May 19 · 17:42 conversation — **""The Weight We Carry Together: Covenant, Fear, and the Mercy That Will Not Let Go.""** παιδεία (*paideia*) as fatherly training-not...",6,"Personal Space/memo/PLAUD Meditations/May/05-19 Conversation Reflection_ Covenant, Sanctification, and the Theology of Ordinary Life-Public Spoken Word — PLAUD Note Prompt.md"
2026-05-19,May,II,Tablet II · Volume II · Testimony of a Witness,Apr 18 – May 24,"Conversation Reflection_ Divine Guardianship, Spiritual Hunger, and the Broken Soul","this is Seth's May 19 · 12:04 conversation — **""Where the Broken Are Guarded and the Seeking Are Found.""** λύω (*lyō*) — Christ came specifically to *undo* the devil's works, no...",6,"Personal Space/memo/PLAUD Meditations/May/05-19 Conversation Reflection_ Divine Guardianship, Spiritual Hunger, and the Broken Soul-Public Spoken Word — PLAUD Note Prompt.md"
2026-05-19,May,II,Tablet II · Volume II · Testimony of a Witness,Apr 18 – May 24,"Reflection_ Spiritual Discernment — Brotherhood, Sobriety, and the Unconsecrated Room","Spiritual Discernment — Brotherhood, Sobriety, and the Unconsecrated Room",10,"Personal Space/memo/PLAUD Meditations/May/05-19 Reflection_ Spiritual Discernment — Brotherhood, Sobriety, and the Unconsecrated Room-Public Spoken Word — PLAUD Note Prompt.md"
2026-05-20,May,II,Tablet II · Volume II · Testimony of a Witness,Apr 18 – May 24,"Conversation Reflection_ Spiritual Discernment, Appearance vs. Inner Character, and Sober-Mindedness",Seth's May 20 — spiritual discernment; appearance vs. inner character; sober-mindedness.,6,"Personal Space/memo/PLAUD Meditations/May/05-20 Conversation Reflection_ Spiritual Discernment, Appearance vs. Inner Character, and Sober-Mindedness-Public Spoken Word — PLAUD Note Prompt.md"
2026-05-21,May,II,Tablet II · Volume II · Testimony of a Witness,Apr 18 – May 24,"Call Reflection_ Brotherhood, Entrepreneurial Vision, and Faithful Stewardship","this is Seth's May 21 — **brotherhood, entrepreneurial vision, faithful stewardship.** ὑπομονή active-endurance grammar; 1 Cor 14:33 God-not-author-of-confusion walked as *clean...",5,"Personal Space/memo/PLAUD Meditations/May/05-21 Call Reflection_ Brotherhood, Entrepreneurial Vision, and Faithful Stewardship-Public Spoken Word — PLAUD Note Prompt.md"
2026-05-22,May,II,Tablet II · Volume II · Testimony of a Witness,Apr 18 – May 24,"Call Reflection_ Kingdom Ethics, Gray-Market Intelligence, and Vocation at the Edge","Seth's May 22 — Kingdom ethics, gray-market intelligence, vocation at the edge; commerce-as-covenantal walked in ambiguous terrain.",6,"Personal Space/memo/PLAUD Meditations/May/05-22 Call Reflection_ Kingdom Ethics, Gray-Market Intelligence, and Vocation at the Edge-Public Spoken Word — PLAUD Note Prompt.md"
2026-05-23,May,II,Tablet II · Volume II · Testimony of a Witness,Apr 18 – May 24,"Conversation Reflection_ Prophetic Calling, Kenosis, and the Secret Place","Prophetic Calling, Kenosis, and the Secret Place",13,"Personal Space/memo/PLAUD Meditations/May/05-23 Conversation Reflection_ Prophetic Calling, Kenosis, and the Secret Place-Public Spoken Word — PLAUD Note Prompt.md"
2026-05-24,May,II,Tablet II · Volume II · Testimony of a Witness,Apr 18 – May 24,Conversation Reflection_ Spiritual Formation Through Suffering,Seth's May 24 — spiritual formation through suffering; the σκόλοψ endurance doctrine walked in ordinary time.,6,Personal Space/memo/PLAUD Meditations/May/05-24 Conversation Reflection_ Spiritual Formation Through Suffering.md
2026-05-24,May,II,Tablet II · Volume II · Testimony of a Witness,Apr 18 – May 24,"Reflection_ Metanoia, Prophetic Creativity, and Divine Formation in an Ordinary Evening","Seth's May 24 — μετάνοια, prophetic creativity, and divine formation in an ordinary evening.",6,"Personal Space/memo/PLAUD Meditations/May/05-24 Reflection_ Metanoia, Prophetic Creativity, and Divine Formation in an Ordinary Evening-Public Spoken Word — PLAUD Note Prompt (1).md"
2026-05-24,May,II,Tablet II · Volume II · Testimony of a Witness,Apr 18 – May 24,"Saved, Loaves, and the Gilgal Stone_ What the Spirit Builds in the Hidden Place",What the Spirit Builds in the Hidden Place,17,"Personal Space/memo/PLAUD Meditations/May/05-24 at 17_05 — Saved, Loaves, and the Gilgal Stone_ What the Spirit Builds in the Hidden Place-Public Spoken Word — PLAUD Note Prompt (1).md"
2026-05-24,May,II,Tablet II · Volume II · Testimony of a Witness,Apr 18 – May 24,"When the Emperor Has No Toga_ Friction, Deception, and the Yoke Only Christ Can Carry","Friction, Deception, and the Yoke Only Christ Can Carry",9,"Personal Space/memo/PLAUD Meditations/May/05-24 at 22_58 — When the Emperor Has No Toga_ Friction, Deception, and the Yoke Only Christ Can Carry-Public Spoken Word — PLAUD Note Prompt (1).md"
2026-05-26,May,V,"Tablet V · Come Out of Her, My Children",May 26 – Aug 16 (Volume III),"Conversation Reflection_ Prophetic Writing, Faithful Waiting, and the Theology of the Rampart","Prophetic Writing, Faithful Waiting, and the Theology of the Rampart",13,"Personal Space/memo/PLAUD Meditations/May/05-26 Conversation Reflection_ Prophetic Writing, Faithful Waiting, and the Theology of the Rampart-Public Spoken Word — PLAUD Note Prompt.md"
2026-05-26,May,V,"Tablet V · Come Out of Her, My Children",May 26 – Aug 16 (Volume III),Conversation Reflection_ Spiritual Significance of Ordinary Weariness and Kingdom Labor,Seth's May 26 — spiritual significance of ordinary weariness and Kingdom labor.,6,Personal Space/memo/PLAUD Meditations/May/05-26 Conversation Reflection_ Spiritual Significance of Ordinary Weariness and Kingdom Labor-Public Spoken Word — PLAUD Note Prompt.md
2026-05-27,May,V,"Tablet V · Come Out of Her, My Children",May 26 – Aug 16 (Volume III),"Call Reflection_ Grief as Intercession — Mantles, Prayer, and Hidden Ministry","Grief as Intercession — Mantles, Prayer, and Hidden Ministry",18,"Personal Space/memo/PLAUD Meditations/May/05-27 Call Reflection_ Grief as Intercession — Mantles, Prayer, and Hidden Ministry-Public Spoken Word — PLAUD Note Prompt.md"
2026-05-27,May,V,"Tablet V · Come Out of Her, My Children",May 26 – Aug 16 (Volume III),"Call Reflection_ Identity in Christ, Grief, and Kingdom Formation","this is Seth's May 27 — **identity in Christ, grief, and Kingdom formation.** παραβολή (parabolē) as *casting-alongside* threshold of invitation; οἰκονομία as divine-economy hol...",5,"Personal Space/memo/PLAUD Meditations/May/05-27 Call Reflection_ Identity in Christ, Grief, and Kingdom Formation-Public Spoken Word — PLAUD Note Prompt.md"
2026-05-27,May,V,"Tablet V · Come Out of Her, My Children",May 26 – Aug 16 (Volume III),"Conversation Reflection_ Brotherhood, Spiritual Purge, and Sacred Ordinary Moments","Seth's May 27 — brotherhood, spiritual purge, sacred-ordinary moments.",6,"Personal Space/memo/PLAUD Meditations/May/05-27 Conversation Reflection_ Brotherhood, Spiritual Purge, and Sacred Ordinary Moments-Public Spoken Word — PLAUD Note Prompt.md"
2026-05-27,May,V,"Tablet V · Come Out of Her, My Children",May 26 – Aug 16 (Volume III),"Conversation Reflection_ Spirit-Led Interruption, Elijah-Elisha Mantle, and Consecration","Spirit-Led Interruption, Elijah-Elisha Mantle, and Consecration",13,"Personal Space/memo/PLAUD Meditations/May/05-27 Conversation Reflection_ Spirit-Led Interruption, Elijah-Elisha Mantle, and Consecration-Public Spoken Word — PLAUD Note Prompt.md"
2026-05-28,May,V,"Tablet V · Come Out of Her, My Children",May 26 – Aug 16 (Volume III),Call Reflection_ Covenantal Brotherhood and Koinōnia,Covenantal Brotherhood and Koinōnia,10,Personal Space/memo/PLAUD Meditations/May/05-28 Call Reflection_ Covenantal Brotherhood and Koinōnia-Public Spoken Word — PLAUD Note Prompt.md
2026-05-28,May,V,"Tablet V · Come Out of Her, My Children",May 26 – Aug 16 (Volume III),Call Reflection_ Spiritual Discernment — Divine Positioning and Obedience Before Clarity,Spiritual Discernment — Divine Positioning and Obedience Before Clarity,10,Personal Space/memo/PLAUD Meditations/May/05-28 Call Reflection_ Spiritual Discernment — Divine Positioning and Obedience Before Clarity-Public Spoken Word — PLAUD Note Prompt.md
2026-05-29,May,V,"Tablet V · Come Out of Her, My Children",May 26 – Aug 16 (Volume III),"Call Reflection_ Active Waiting, Prophetic Ministry, and Covenant Brotherhood","Active Waiting, Prophetic Ministry, and Covenant Brotherhood",10,"Personal Space/memo/PLAUD Meditations/May/05-29 Call Reflection_ Active Waiting, Prophetic Ministry, and Covenant Brotherhood-Public Spoken Word — PLAUD Note Prompt.md"
2026-05-30,May,V,"Tablet V · Come Out of Her, My Children",May 26 – Aug 16 (Volume III),"Conversation Reflection_ Lukewarm Faith, Authenticity vs. Performance, Spiritual Zeal","Seth's May 30 — lukewarm faith, authenticity vs. performance, spiritual zeal; χλιαρός Laodicean-sufficiency root.",6,"Personal Space/memo/PLAUD Meditations/May/05-30 Conversation Reflection_ Lukewarm Faith, Authenticity vs. Performance, Spiritual Zeal-Public Spoken Word — PLAUD Note Prompt.md"
2026-05-30,May,V,"Tablet V · Come Out of Her, My Children",May 26 – Aug 16 (Volume III),"Conversation_ Birthday Gathering, Pets, and Family Reflections","Seth's May 30 — birthday gathering, pets, family reflections; sacred-ordinary in domestic celebration.",6,"Personal Space/memo/PLAUD Meditations/May/05-30 Conversation_ Birthday Gathering, Pets, and Family Reflections-Public Spoken Word — PLAUD Note Prompt.md"
2026-05-31,May,V,"Tablet V · Come Out of Her, My Children",May 26 – Aug 16 (Volume III),"Reflection_ Fourth Watch, First Love, and Household Altar","Fourth Watch, First Love, and Household Altar",13,"Personal Space/memo/PLAUD Meditations/May/05-31 Reflection_ Fourth Watch, First Love, and Household Altar-Public Spoken Word — PLAUD Note Prompt.md"
2026-06-01,June,V,"Tablet V · Come Out of Her, My Children",May 26 – Aug 16 (Volume III),Call Reflection_ Refusing Escapism and Returning to Christ,this is Seth's Jun 1 — **refusing escapism and returning to Christ.** βραβεῖον (brabeion) as sanctified-competitive-imagery; κοινωνία as shared-life-not-warmth-only.,5,Personal Space/memo/PLAUD Meditations/June/06-01 Call Reflection_ Refusing Escapism and Returning to Christ-Public Spoken Word — PLAUD Note Prompt.md
2026-06-01,June,V,"Tablet V · Come Out of Her, My Children",May 26 – Aug 16 (Volume III),"Call Reflection_ Sobriety, Ordinary Faithfulness, and Brotherhood","Seth's Jun 1 call — sobriety, ordinary faithfulness, brotherhood.",12,"Personal Space/memo/PLAUD Meditations/June/06-01 Call Reflection_ Sobriety, Ordinary Faithfulness, and Brotherhood-Public Spoken Word — PLAUD Note Prompt.md"
2026-06-02,June,V,"Tablet V · Come Out of Her, My Children",May 26 – Aug 16 (Volume III),"Call Reflection_ Altar of Return, Kingdom Training, and Christ-Centered Discipleship","this is Seth's Jun 2 — **altar of return, Kingdom training, Christ-centered discipleship.** ἀρνίον slain-yet-standing Lamb as *sacrifice-and-victory-united*; 1 Pet 1:20 foreordi...",5,"Personal Space/memo/PLAUD Meditations/June/06-02 Call Reflection_ Altar of Return, Kingdom Training, and Christ-Centered Discipleship-Public Spoken Word — PLAUD Note Prompt.md"
2026-06-03,June,V,"Tablet V · Come Out of Her, My Children",May 26 – Aug 16 (Volume III),"Call Reflection_ Daily Provision, Discernment, and the Sword of Faith","Daily Provision, Discernment, and the Sword of Faith",11,"Personal Space/memo/PLAUD Meditations/June/06-03 Call Reflection_ Daily Provision, Discernment, and the Sword of Faith-Public Spoken Word — PLAUD Note Prompt.md"
2026-06-04,June,V,"Tablet V · Come Out of Her, My Children",May 26 – Aug 16 (Volume III),"Call Reflection_ The Burning Bush, Old Refuges, and Spiritual Formation","The Burning Bush, Old Refuges, and Spiritual Formation",13,"Personal Space/memo/PLAUD Meditations/June/06-04 Call Reflection_ The Burning Bush, Old Refuges, and Spiritual Formation-Public Spoken Word — PLAUD Note Prompt.md"
2026-06-05,June,V,"Tablet V · Come Out of Her, My Children",May 26 – Aug 16 (Volume III),"Call _ Spiritual Discernment, Counterfeit Visions, and Grace","Spiritual Discernment, Counterfeit Visions, and Grace",11,"Personal Space/memo/PLAUD Meditations/June/06-05 Call _ Spiritual Discernment, Counterfeit Visions, and Grace-Public Spoken Word — PLAUD Note Prompt.md"
2026-06-06,June,V,"Tablet V · Come Out of Her, My Children",May 26 – Aug 16 (Volume III),"Conversation_ Restaurant Kitchen Standards, Workplace Accountability, and Spiritual Reflection",Seth's Jun 6 restaurant kitchen conversation — standards + workplace accountability walked as sacred-ordinary.,12,"Personal Space/memo/PLAUD Meditations/June/06-06 Conversation_ Restaurant Kitchen Standards, Workplace Accountability, and Spiritual Reflection-Public Spoken Word — PLAUD Note Prompt.md"
2026-06-06,June,V,"Tablet V · Come Out of Her, My Children",May 26 – Aug 16 (Volume III),"Personal Meditation_ Prophetic Waiting, Jonah Arc & Spiritual Formation","this is Seth's Jun 6 · 22:45 personal meditation — **""The Weight Between the Missing and the Waiting.""** The prophetic-waiting-in-Jonah-arc doctrine walked as personal formation...",15,"Personal Space/memo/PLAUD Meditations/June/06-06 Personal Meditation_ Prophetic Waiting, Jonah Arc & Spiritual Formation-Public Spoken Word — PLAUD Note Prompt.md"
2026-06-07,June,V,"Tablet V · Come Out of Her, My Children",May 26 – Aug 16 (Volume III),"Call Reflection_ Brotherhood, Covenant Friendship, and Spiritual Stewardship","Seth's Jun 7 call on brotherhood, covenant friendship, spiritual stewardship.",12,"Personal Space/memo/PLAUD Meditations/June/06-07 Call Reflection_ Brotherhood, Covenant Friendship, and Spiritual Stewardship-Public Spoken Word — PLAUD Note Prompt.md"
2026-06-07,June,V,"Tablet V · Come Out of Her, My Children",May 26 – Aug 16 (Volume III),Call Reflection_ Samuel's Wilderness Season — Spiritual Formation and Brotherhood,Samuel's Wilderness Season — Spiritual Formation and Brotherhood,14,Personal Space/memo/PLAUD Meditations/June/06-07 Call Reflection_ Samuel's Wilderness Season — Spiritual Formation and Brotherhood-Public Spoken Word — PLAUD Note Prompt.md
2026-06-07,June,V,"Tablet V · Come Out of Her, My Children",May 26 – Aug 16 (Volume III),"Conversation Reflection_ Spiritual Formation, Threshold Seasons, and the Cost of Being Sent","Spiritual Formation, Threshold Seasons, and the Cost of Being Sent",12,"Personal Space/memo/PLAUD Meditations/June/06-07 Conversation Reflection_ Spiritual Formation, Threshold Seasons, and the Cost of Being Sent-Public Spoken Word — PLAUD Note Prompt.md"
2026-06-07,June,V,"Tablet V · Come Out of Her, My Children",May 26 – Aug 16 (Volume III),Corpus Reflection_ Samuel's Spiritual Transformation — The Stone at Gilgal,Samuel's Spiritual Transformation — The Stone at Gilgal,12,Personal Space/memo/PLAUD Meditations/June/06-07 Corpus Reflection_ Samuel's Spiritual Transformation — The Stone at Gilgal-Public Spoken Word — PLAUD Note Prompt.md
2026-06-07,June,V,"Tablet V · Come Out of Her, My Children",May 26 – Aug 16 (Volume III),"Corpus Reflection_ Sister Katie's Covenantal Co-Witness, Kenosis, and the Plural Prophetic Archive","this is Seth's Jun 7 · 08:39 teaching reflection — **""The Stone She Set in the Crossing.""** The corpus's foundational statement of itself as **plural prophetic archive** — the m...",17,"Personal Space/memo/PLAUD Meditations/June/06-07 Corpus Reflection_ Sister Katie's Covenantal Co-Witness, Kenosis, and the Plural Prophetic Archive-Public Spoken Word — PLAUD Note Prompt.md"
2026-06-07,June,V,"Tablet V · Come Out of Her, My Children",May 26 – Aug 16 (Volume III),"at 08_38 Call Reflection_ Sovereignty, Exodus, and the Secret Place — A Theological Meditation on Samuel's Journey","this is Seth's Jun 7 · 08:38 call — **the thread, the lamp, and the falling scales**. The corpus's foundational statement of *sovereignty-exodus-secret-place* as one continuous ...",6,"Personal Space/memo/PLAUD Meditations/June/06-07 at 08_38 Call Reflection_ Sovereignty, Exodus, and the Secret Place — A Theological Meditation on Samuel's Journey-Public Spoken Word — PLAUD Note Prompt.md"
2026-06-08,June,V,"Tablet V · Come Out of Her, My Children",May 26 – Aug 16 (Volume III),@ 06_13 on Morning Commute — You've Forgotten Where Your Face Is,"this is Seth's Jun 8 · 06:13 morning-commute revelation — **""You've Forgotten Where Your Face Is.""** The corpus's clearest naming of *face-as-orientation* (פָּנִים grammar) as i...",19,Personal Space/memo/PLAUD Meditations/June/06-08 @ 06_13 on Morning Commute — You've Forgotten Where Your Face Is-Public Spoken Word — PLAUD Note Prompt.md
2026-06-08,June,V,"Tablet V · Come Out of Her, My Children",May 26 – Aug 16 (Volume III),"@ 10_04 — Call Reflection_ The Flaming Sword Returns_ Kenosis, Commission, and the Already-But-Not-Yet of Kingdom Bui...","The Flaming Sword Returns_ Kenosis, Commission, and the Already-But-Not-Yet of Kingdom Building",10,"Personal Space/memo/PLAUD Meditations/June/06-08 @ 10_04 — Call Reflection_ The Flaming Sword Returns_ Kenosis, Commission, and the Already-But-Not-Yet of Kingdom Building-Public Spoken Word — PLAUD Note Prompt.md"
2026-06-08,June,V,"Tablet V · Come Out of Her, My Children",May 26 – Aug 16 (Volume III),"@ 11_05 - Personal Meditation_ The Mirror, Murmuration, and Releasing Revelation","The Mirror, Murmuration, and Releasing Revelation",14,"Personal Space/memo/PLAUD Meditations/June/06-08 @ 11_05 - Personal Meditation_ The Mirror, Murmuration, and Releasing Revelation-Public Spoken Word — PLAUD Note Prompt.md"
2026-06-08,June,V,"Tablet V · Come Out of Her, My Children",May 26 – Aug 16 (Volume III),@ 14_28 “Surely I am coming quickly.” (Rev 22_20-21),06-08 @ 14_28 “Surely I am coming quickly.” (Rev 22_20-21),11,Personal Space/memo/PLAUD Meditations/June/06-08 @ 14_28 “Surely I am coming quickly.” (Rev 22_20-21)-Public Spoken Word — PLAUD Note Prompt.md
2026-06-08,June,V,"Tablet V · Come Out of Her, My Children",May 26 – Aug 16 (Volume III),Call Reflection_ Building a Kingdom-Centered Christian Sales Team,Seth's Jun 8 — building a Kingdom-centered Christian sales team; sales-ethics-as-covenantal-terrain.,12,Personal Space/memo/PLAUD Meditations/June/06-08 Call Reflection_ Building a Kingdom-Centered Christian Sales Team-Public Spoken Word — PLAUD Note Prompt.md
2026-06-08,June,V,"Tablet V · Come Out of Her, My Children",May 26 – Aug 16 (Volume III),Full Day Reflection_ Have You Forgotten Where Your Face Is_,"Seth's Jun 8 full-day reflection — the whole day's *""have you forgotten where your face is""* thread walked across ordinary hours.",6,Personal Space/memo/PLAUD Meditations/June/06-08 Full Day Reflection_ Have You Forgotten Where Your Face Is_-Public Spoken Word — PLAUD Note Prompt.md
2026-06-08,June,V,"Tablet V · Come Out of Her, My Children",May 26 – Aug 16 (Volume III),"Merged Reflection_ James 1 Mirror, Spiritual Release, and Sales Team Building",Seth's Jun 8 merged reflection — James 1 mirror + spiritual release + sales team building; the mirror-gospel's early form.,12,"Personal Space/memo/PLAUD Meditations/June/06-08 Merged Reflection_ James 1 Mirror, Spiritual Release, and Sales Team Building-Public Spoken Word — PLAUD Note Prompt.md"
2026-06-09,June,V,"Tablet V · Come Out of Her, My Children",May 26 – Aug 16 (Volume III),"Conversation Reflection_ Spiritual Orientation, Prophetic Confirmation, and the Question _Where Are You__","Spiritual Orientation, Prophetic Confirmation, and the Question _Where Are You__",12,"Personal Space/memo/PLAUD Meditations/June/06-09 Conversation Reflection_ Spiritual Orientation, Prophetic Confirmation, and the Question _Where Are You__-Public Spoken Word — PLAUD Note Prompt.md"
2026-06-09,June,V,"Tablet V · Come Out of Her, My Children",May 26 – Aug 16 (Volume III),"Wind, Weather, and the Witness_ When Heaven Speaks in the Smallest Things","Seth's Jun 9 · 14:51 — wind, weather, and the witness; Heaven speaks in smallest things.",6,"Personal Space/memo/PLAUD Meditations/June/06-09 at 14_51 — Wind, Weather, and the Witness_ When Heaven Speaks in the Smallest Things-Public Spoken Word — PLAUD Note Prompt.md"
2026-06-10,June,V,"Tablet V · Come Out of Her, My Children",May 26 – Aug 16 (Volume III),Call Reflection_ Childlike Faith and the Precision of God's Provision,"this is Seth's Jun 10 — **childlike faith and the precision of God's provision.** זִכָּרוֹן (*zikkaron*) as *active covenant-faithfulness*, not passive recall.",5,Personal Space/memo/PLAUD Meditations/June/06-10 Call Reflection_ Childlike Faith and the Precision of God's Provision-Public Spoken Word — PLAUD Note Prompt.md
2026-06-10,June,V,"Tablet V · Come Out of Her, My Children",May 26 – Aug 16 (Volume III),"Call Reflection_ Faith, Marketplace, and the Nicodemus Transition","Seth's Jun 10 — faith, marketplace, Nicodemus transition.",6,"Personal Space/memo/PLAUD Meditations/June/06-10 Call Reflection_ Faith, Marketplace, and the Nicodemus Transition-Public Spoken Word — PLAUD Note Prompt.md"
2026-06-10,June,V,"Tablet V · Come Out of Her, My Children",May 26 – Aug 16 (Volume III),"Lunch Call Reflection_ Faith, Provision, and the George Müller Moment","Faith, Provision, and the George Müller Moment",13,"Personal Space/memo/PLAUD Meditations/June/06-10 Lunch Call Reflection_ Faith, Provision, and the George Müller Moment-Public Spoken Word — PLAUD Note Prompt.md"
2026-06-10,June,V,"Tablet V · Come Out of Her, My Children",May 26 – Aug 16 (Volume III),Five Dollars and Forty-Six Cents_ Seated at the Altar While Another Builds,Seated at the Altar While Another Builds,13,Personal Space/memo/PLAUD Meditations/June/06-10 at 10_18 — Five Dollars and Forty-Six Cents_ Seated at the Altar While Another Builds-Public Spoken Word — PLAUD Note Prompt.md
2026-06-10,June,V,"Tablet V · Come Out of Her, My Children",May 26 – Aug 16 (Volume III),The Exodus of Babylon Begins in the Small Places,06-10 at 10_18 — The Exodus of Babylon Begins in the Small Places,11,Personal Space/memo/PLAUD Meditations/June/06-10 at 10_18 — The Exodus of Babylon Begins in the Small Places-Public Spoken Word — PLAUD Note Prompt.md
2026-06-11,June,V,"Tablet V · Come Out of Her, My Children",May 26 – Aug 16 (Volume III),"Call Reflection_ Spiritual Warfare, Wilderness Season, and Covenant Brotherhood","this is Seth's Jun 11 · 12:23 call — **""When the Warfare Is the Wilderness.""** Central move: the wilderness IS the warfare — not preparation for it, not aftermath of it. יְשׁוּע...",6,"Personal Space/memo/PLAUD Meditations/June/06-11 Call Reflection_ Spiritual Warfare, Wilderness Season, and Covenant Brotherhood-Public Spoken Word — PLAUD Note Prompt.md"
2026-06-12,June,V,"Tablet V · Come Out of Her, My Children",May 26 – Aug 16 (Volume III),"Call Reflection_ Brother's Return to Grandfather's House — Grief, Faith, and Generational Inheritance","Seth's Jun 12 — brother's return to grandfather's house; grief, faith, generational inheritance.",6,"Personal Space/memo/PLAUD Meditations/June/06-12 Call Reflection_ Brother's Return to Grandfather's House — Grief, Faith, and Generational Inheritance-Public Spoken Word — PLAUD Note Prompt.md"
2026-06-12,June,V,"Tablet V · Come Out of Her, My Children",May 26 – Aug 16 (Volume III),"Call Reflection_ Pressed On Every Side, Yet Not Crushed — Samuel & Spiritual Endurance","Pressed On Every Side, Yet Not Crushed — Samuel & Spiritual Endurance",12,"Personal Space/memo/PLAUD Meditations/June/06-12 Call Reflection_ Pressed On Every Side, Yet Not Crushed — Samuel & Spiritual Endurance-Public Spoken Word — PLAUD Note Prompt.md"
2026-06-12,June,V,"Tablet V · Come Out of Her, My Children",May 26 – Aug 16 (Volume III),"Conversation Reflection_ Fallow Ground, Divine Pursuit, and Two Men Who Cannot Walk Away","Fallow Ground, Divine Pursuit, and Two Men Who Cannot Walk Away",11,"Personal Space/memo/PLAUD Meditations/June/06-12 Conversation Reflection_ Fallow Ground, Divine Pursuit, and Two Men Who Cannot Walk Away-Public Spoken Word — PLAUD Note Prompt.md"
2026-06-12,June,V,"Tablet V · Come Out of Her, My Children",May 26 – Aug 16 (Volume III),Workplace Recording_ Welding Tasks and Early-Shift Fatigue,Seth's Jun 12 welding tasks and early-shift fatigue; body-in-labor as terrain-of-formation.,6,Personal Space/memo/PLAUD Meditations/June/06-12 Workplace Recording_ Welding Tasks and Early-Shift Fatigue-Public Spoken Word — PLAUD Note Prompt.md
2026-06-14,June,V,"Tablet V · Come Out of Her, My Children",May 26 – Aug 16 (Volume III),"Call Reflection_ Prophecy, Providence, and the Name Elijah","Prophecy, Providence, and the Name Elijah",13,"Personal Space/memo/PLAUD Meditations/June/06-14 Call Reflection_ Prophecy, Providence, and the Name Elijah-Public Spoken Word — PLAUD Note Prompt.md"
2026-06-14,June,V,"Tablet V · Come Out of Her, My Children",May 26 – Aug 16 (Volume III),"Conversation_ Pregnancy, Family Planning, and Trusting God’s Plan","this is Seth's Jun 14 · 11:18 conversation — **""When His Plan Interrupts Yours.""** The unexpected-pregnancy announcement doctrine walked with Ps 131:2 כְּגָמֻל (weaned-child) gr...",13,"Personal Space/memo/PLAUD Meditations/June/06-14 Conversation_ Pregnancy, Family Planning, and Trusting God’s Plan-Public Spoken Word — PLAUD Note Prompt.md"
2026-06-14,June,V,"Tablet V · Come Out of Her, My Children",May 26 – Aug 16 (Volume III),"As It Is in Egypt, So It Is in Me_ A Word Born in the Wilderness",A Word Born in the Wilderness,11,"Personal Space/memo/PLAUD Meditations/June/06-14 at 11_27 — As It Is in Egypt, So It Is in Me_ A Word Born in the Wilderness-Public Spoken Word — PLAUD Note Prompt (1).md"
2026-06-15,June,V,"Tablet V · Come Out of Her, My Children",May 26 – Aug 16 (Volume III),"Call Reflection_ Faith, Providence, and the Inner Judas — Spiritual & Business Breakthrough","Faith, Providence, and the Inner Judas — Spiritual & Business Breakthrough",11,"Personal Space/memo/PLAUD Meditations/June/06-15 Call Reflection_ Faith, Providence, and the Inner Judas — Spiritual & Business Breakthrough-Public Spoken Word — PLAUD Note Prompt.md"
2026-06-15,June,V,"Tablet V · Come Out of Her, My Children",May 26 – Aug 16 (Volume III),"Call Reflection_ Kingdom Economy, Brotherhood & Spiritual Breakthrough","Seth's Jun 15 — Kingdom economy, brotherhood, spiritual breakthrough.",6,"Personal Space/memo/PLAUD Meditations/June/06-15 Call Reflection_ Kingdom Economy, Brotherhood & Spiritual Breakthrough-Public Spoken Word — PLAUD Note Prompt.md"
2026-06-16,June,V,"Tablet V · Come Out of Her, My Children",May 26 – Aug 16 (Volume III),"Call Reflection_ Divine Timing, Covenant Blessing, and Forced Dependence","Seth's Jun 16 — divine timing, covenant blessing, forced dependence.",6,"Personal Space/memo/PLAUD Meditations/June/06-16 Call Reflection_ Divine Timing, Covenant Blessing, and Forced Dependence-Public Spoken Word — PLAUD Note Prompt.md"
2026-06-16,June,V,"Tablet V · Come Out of Her, My Children",May 26 – Aug 16 (Volume III),"Call Reflection_ Faith, Entrepreneurship & Covenant Brotherhood","Seth's Jun 16 — faith, entrepreneurship, covenant brotherhood.",6,"Personal Space/memo/PLAUD Meditations/June/06-16 Call Reflection_ Faith, Entrepreneurship & Covenant Brotherhood-Public Spoken Word — PLAUD Note Prompt.md"
2026-06-16,June,V,"Tablet V · Come Out of Her, My Children",May 26 – Aug 16 (Volume III),"Conversation Reflection_ Kingdom Stewardship, Business Strategy & Financial Wisdom","Kingdom Stewardship, Business Strategy & Financial Wisdom",13,"Personal Space/memo/PLAUD Meditations/June/06-16 Conversation Reflection_ Kingdom Stewardship, Business Strategy & Financial Wisdom-Public Spoken Word — PLAUD Note Prompt.md"
2026-06-16,June,V,"Tablet V · Come Out of Her, My Children",May 26 – Aug 16 (Volume III),"Thank You, My Friend","this is Seth's Jun 12-16 five-day meditation — **""Thank You, My Friend: Five Days of Covenant Faithfulness.""** The corpus's first canonical naming of אֵלִיָּהוּ (Eliyahu, ""Yahwe...",13,"Personal Space/memo/PLAUD Meditations/June/06-16 at 08_37 — Thank You, My Friend-Public Spoken Word — PLAUD Note Prompt.md"
2026-06-16,June,V,"Tablet V · Come Out of Her, My Children",May 26 – Aug 16 (Volume III),"Out of Egypt, Into Promise_ Five Days of Manna, a Name Spoken, and Life Confirmed","this is Seth's Jun 16 · 12:19 call — **""Out of Egypt, Into Promise: Five Days of Manna, a Name Spoken, and Life Confirmed.""** Direct same-day sibling to the 08:37 file. Central ...",17,"Personal Space/memo/PLAUD Meditations/June/06-16 at 12_19 — Out of Egypt, Into Promise_ Five Days of Manna, a Name Spoken, and Life Confirmed-Public Spoken Word — PLAUD Note Prompt.md"
2026-06-16,June,V,"Tablet V · Come Out of Her, My Children",May 26 – Aug 16 (Volume III),"When the Tooth Cracks and the Spirit Presses_ Spiritual Warfare, Deliverance, and the Brotherhood of Watchful Sons","this is Seth's Jun 16 · 12:34 — **when the tooth cracks and the Spirit presses.** αἵματι ῥαντισμοῦ (haimati rhantismou, blood of sprinkling) as *legally-and-spiritually-active-a...",6,"Personal Space/memo/PLAUD Meditations/June/06-16 at 12_34 — When the Tooth Cracks and the Spirit Presses_ Spiritual Warfare, Deliverance, and the Brotherhood of Watchful Sons-Public Spoken Word — PLAUD Note Prompt.md"
2026-06-17,June,V,"Tablet V · Come Out of Her, My Children",May 26 – Aug 16 (Volume III),Reflection_ Morning Weariness and Spiritual Discernment,Seth's Jun 17 — morning weariness and spiritual discernment.,6,Personal Space/memo/PLAUD Meditations/June/06-17 Reflection_ Morning Weariness and Spiritual Discernment-Public Spoken Word — PLAUD Note Prompt.md
2026-06-17,June,V,"Tablet V · Come Out of Her, My Children",May 26 – Aug 16 (Volume III),"When the Mirror Speaks_ Old Faces, New Men, and the Fruits That Follow","Old Faces, New Men, and the Fruits That Follow",15,"Personal Space/memo/PLAUD Meditations/June/06-17 at 06_58 — When the Mirror Speaks_ Old Faces, New Men, and the Fruits That Follow-Public Spoken Word — PLAUD Note Prompt.md"
2026-06-17,June,V,"Tablet V · Come Out of Her, My Children",May 26 – Aug 16 (Volume III),Do Not Celebrate With Sin What You Received Through Prayer,06-17 at 09_21 — Do Not Celebrate With Sin What You Received Through Prayer,10,Personal Space/memo/PLAUD Meditations/June/06-17 at 09_21 — Do Not Celebrate With Sin What You Received Through Prayer-Public Spoken Word — PLAUD Note Prompt.md
2026-06-17,June,V,"Tablet V · Come Out of Her, My Children",May 26 – Aug 16 (Volume III),Standing Still Under the Blood in the War Behind the Ordinary,Seth's Jun 17 · 12:35 — standing still under the blood in the war behind the ordinary.,6,Personal Space/memo/PLAUD Meditations/June/06-17 at 12_35 — Standing Still Under the Blood in the War Behind the Ordinary-Public Spoken Word — PLAUD Note Prompt.md
2026-06-17,June,V,"Tablet V · Come Out of Her, My Children",May 26 – Aug 16 (Volume III),"Pushing Through the Pain, Keeping the Faith","Seth's Jun 17 · 15:13 — pushing through the pain, keeping the faith.",6,"Personal Space/memo/PLAUD Meditations/June/06-17 at 15_13 — Pushing Through the Pain, Keeping the Faith-Public Spoken Word — PLAUD Note Prompt.md"
2026-06-17,June,V,"Tablet V · Come Out of Her, My Children",May 26 – Aug 16 (Volume III),Grace Before Correction and the Ministry of Reconciliation,Seth's Jun 17 · 16:45 — grace before correction and the ministry of reconciliation.,6,Personal Space/memo/PLAUD Meditations/June/06-17 at 16_45 — Grace Before Correction and the Ministry of Reconciliation-Public Spoken Word — PLAUD Note Prompt.md
2026-06-18,June,V,"Tablet V · Come Out of Her, My Children",May 26 – Aug 16 (Volume III),Call Reflection_ Faith-Integrated AI Business — Brothers Building a Kingdom-Marked Sales System,Seth's Jun 18 — faith-integrated AI business; brothers building a Kingdom-marked sales system.,6,Personal Space/memo/PLAUD Meditations/June/06-18 Call Reflection_ Faith-Integrated AI Business — Brothers Building a Kingdom-Marked Sales System-Public Spoken Word — PLAUD Note Prompt.md
2026-06-18,June,V,"Tablet V · Come Out of Her, My Children",May 26 – Aug 16 (Volume III),Call Reflection_ Kingdom Stewardship in Tech Collaboration with Brother Samuel,Seth's Jun 18 — Kingdom stewardship in tech collaboration with Samuel; the Samuel-Loop's technical-partnership form.,6,Personal Space/memo/PLAUD Meditations/June/06-18 Call Reflection_ Kingdom Stewardship in Tech Collaboration with Brother Samuel-Public Spoken Word — PLAUD Note Prompt.md
2026-06-18,June,V,"Tablet V · Come Out of Her, My Children",May 26 – Aug 16 (Volume III),"Call Reflection_ Parable of the Soils, Unforgiveness, and Kingdom Obedience","Seth's Jun 18 — parable of the soils, unforgiveness, Kingdom obedience.",6,"Personal Space/memo/PLAUD Meditations/June/06-18 Call Reflection_ Parable of the Soils, Unforgiveness, and Kingdom Obedience-Public Spoken Word — PLAUD Note Prompt.md"
2026-06-18,June,V,"Tablet V · Come Out of Her, My Children",May 26 – Aug 16 (Volume III),The Wilderness of Solitude and the Shape of a Man Being Built,Seth's Jun 18 · 11:24 — the wilderness of solitude and the shape of a man being built.,6,Personal Space/memo/PLAUD Meditations/June/06-18 at 11_24 — The Wilderness of Solitude and the Shape of a Man Being Built-Public Spoken Word — PLAUD Note Prompt.md
2026-06-18,June,V,"Tablet V · Come Out of Her, My Children",May 26 – Aug 16 (Volume III),"Tender Fear, Confirmed Life, and the Father’s Nearness","this is Seth's Jun 18 · 12:03 — **""Tender Fear, Confirmed Life, and the Father's Nearness.""** Ps 23:4 שֵׁבֶט + מִשְׁעֶנֶת (rod-and-staff) as *protection-AND-support*; Col 3:15 β...",5,"Personal Space/memo/PLAUD Meditations/June/06-18 at 12_03 — Tender Fear, Confirmed Life, and the Father’s Nearness-Public Spoken Word — PLAUD Note Prompt.md"
2026-06-18,June,V,"Tablet V · Come Out of Her, My Children",May 26 – Aug 16 (Volume III),When God Killed the Ego and Business Came Alive,06-18 at 12_23 — When God Killed the Ego and Business Came Alive,11,Personal Space/memo/PLAUD Meditations/June/06-18 at 12_23 — When God Killed the Ego and Business Came Alive-Public Spoken Word — PLAUD Note Prompt.md
2026-06-19,June,V,"Tablet V · Come Out of Her, My Children",May 26 – Aug 16 (Volume III),"Call Reflection_ God Hears — Ishmael, Koinonia, and Faith in the Ordinary","this is Seth's Jun 19 — **""God Hears — Ishmael, Koinonia, and Faith in the Ordinary.""** קוֹל דְּמָמָה דַקָּה (qol demamah daqah, ""voice of thin silence"") — 1 Kgs 19:12; the corp...",5,"Personal Space/memo/PLAUD Meditations/June/06-19 Call Reflection_ God Hears — Ishmael, Koinonia, and Faith in the Ordinary-Public Spoken Word — PLAUD Note Prompt.md"
2026-06-19,June,V,"Tablet V · Come Out of Her, My Children",May 26 – Aug 16 (Volume III),Call Reflection_ Kingdom-Aligned Entrepreneurship and the Connector's Calling,Seth's Jun 19 — Kingdom-aligned entrepreneurship and the connector's calling.,6,Personal Space/memo/PLAUD Meditations/June/06-19 Call Reflection_ Kingdom-Aligned Entrepreneurship and the Connector's Calling-Public Spoken Word — PLAUD Note Prompt.md
2026-06-19,June,V,"Tablet V · Come Out of Her, My Children",May 26 – Aug 16 (Volume III),"Theological Meditation_ Kingdom Alignment, AI Creation, and the Potter's Hand","Kingdom Alignment, AI Creation, and the Potter's Hand",12,"Personal Space/memo/PLAUD Meditations/June/06-19 Theological Meditation_ Kingdom Alignment, AI Creation, and the Potter's Hand-Public Spoken Word — PLAUD Note Prompt.md"
2026-06-19,June,V,"Tablet V · Come Out of Her, My Children",May 26 – Aug 16 (Volume III),When the Tool Falls Short_ A Builder's Honest Reckoning,Seth's Jun 19 · 03:56 — when the tool falls short; a builder's honest reckoning.,6,Personal Space/memo/PLAUD Meditations/June/06-19 at 03_56 — When the Tool Falls Short_ A Builder's Honest Reckoning-Public Spoken Word — PLAUD Note Prompt.md
2026-06-19,June,V,"Tablet V · Come Out of Her, My Children",May 26 – Aug 16 (Volume III),"The Name Already Given_ Faith, Labor, and the Prophetic Seed","Faith, Labor, and the Prophetic Seed",13,"Personal Space/memo/PLAUD Meditations/June/06-19 at 04_38 — The Name Already Given_ Faith, Labor, and the Prophetic Seed-Public Spoken Word — PLAUD Note Prompt.md"
2026-06-19,June,V,"Tablet V · Come Out of Her, My Children",May 26 – Aug 16 (Volume III),"When the Harvest Meets the Algorithm_ A Meditation on Calling, Commerce, and Consecrated Ambition","A Meditation on Calling, Commerce, and Consecrated Ambition",16,"Personal Space/memo/PLAUD Meditations/June/06-19 at 05_24 — When the Harvest Meets the Algorithm_ A Meditation on Calling, Commerce, and Consecrated Ambition-Public Spoken Word — PLAUD Note Prompt.md"
2026-06-19,June,V,"Tablet V · Come Out of Her, My Children",May 26 – Aug 16 (Volume III),Building With Wisdom Under the Lordship of Christ,06-19 at 12_27 — Building With Wisdom Under the Lordship of Christ,13,Personal Space/memo/PLAUD Meditations/June/06-19 at 12_27 — Building With Wisdom Under the Lordship of Christ-Public Spoken Word — PLAUD Note Prompt.md
2026-06-20,June,V,"Tablet V · Come Out of Her, My Children",May 26 – Aug 16 (Volume III),"Personal Meditation_ AI Memory, Covenant Knowing, and Being Called by Name","this is Seth's Jun 20 — **AI memory, covenant knowing, and being called by name.** The corpus's earliest form of the AI-memory-vs-divine-remembrance thread that becomes canonica...",5,"Personal Space/memo/PLAUD Meditations/June/06-20 Personal Meditation_ AI Memory, Covenant Knowing, and Being Called by Name-Public Spoken Word — PLAUD Note Prompt.md"
2026-06-20,June,V,"Tablet V · Come Out of Her, My Children",May 26 – Aug 16 (Volume III),"Personal Meditation_ Conversion Testimony, Metanoia, and AI Voice Agent Development","Seth's Jun 20 — conversion testimony, μετάνοια, and AI voice agent development.",6,"Personal Space/memo/PLAUD Meditations/June/06-20 Personal Meditation_ Conversion Testimony, Metanoia, and AI Voice Agent Development-Public Spoken Word — PLAUD Note Prompt.md"
2026-06-20,June,V,"Tablet V · Come Out of Her, My Children",May 26 – Aug 16 (Volume III),"Personal Meditation_ Identity, Surrender, and the Secret Place of the Most High","Identity, Surrender, and the Secret Place of the Most High",14,"Personal Space/memo/PLAUD Meditations/June/06-20 Personal Meditation_ Identity, Surrender, and the Secret Place of the Most High-Public Spoken Word — PLAUD Note Prompt.md"
2026-06-20,June,V,"Tablet V · Come Out of Her, My Children",May 26 – Aug 16 (Volume III),"Personal Meditation_ Unsealed Revelation, Identity Warfare, and the Secret Place","Seth's Jun 20 — unsealed revelation, identity warfare, and the secret place.",6,"Personal Space/memo/PLAUD Meditations/June/06-20 Personal Meditation_ Unsealed Revelation, Identity Warfare, and the Secret Place-Public Spoken Word — PLAUD Note Prompt.md"
2026-06-20,June,V,"Tablet V · Come Out of Her, My Children",May 26 – Aug 16 (Volume III),"Order in the Chaos_ Running, Breaking, and the Shalom of a Life Undivided","Seth's Jun 20 · 13:50 — order in the chaos; running, breaking, and the shalom of a life undivided.",6,"Personal Space/memo/PLAUD Meditations/June/06-20 at 13_50 — Order in the Chaos_ Running, Breaking, and the Shalom of a Life Undivided-Public Spoken Word — PLAUD Note Prompt.md"
2026-06-21,June,V,"Tablet V · Come Out of Her, My Children",May 26 – Aug 16 (Volume III),Personal Meditation_ Excellency as Unto the Lord — Consecrated Work and Technical Endurance,Seth's Jun 21 — excellency as unto the Lord; consecrated work and technical endurance.,6,Personal Space/memo/PLAUD Meditations/June/06-21 Personal Meditation_ Excellency as Unto the Lord — Consecrated Work and Technical Endurance-Public Spoken Word — PLAUD Note Prompt.md
2026-06-21,June,V,"Tablet V · Come Out of Her, My Children",May 26 – Aug 16 (Volume III),"Brought Low, Reclothed, and Sent_ The Full Arc of Intimacy With God",The Full Arc of Intimacy With God,11,"Personal Space/memo/PLAUD Meditations/June/06-21 at 04_42 — Brought Low, Reclothed, and Sent_ The Full Arc of Intimacy With God-Public Spoken Word — PLAUD Note Prompt.md"
2026-06-21,June,V,"Tablet V · Come Out of Her, My Children",May 26 – Aug 16 (Volume III),"When the Gift Becomes the Snare_ Flirtation, Double-Mindedness, and the Technology Surrendered to the King","this is Seth's Jun 21 · 19:18 — **""When the Gift Becomes the Snare.""** Flirtation, double-mindedness, and technology-surrendered-to-the-King. Central move: the same gift can bec...",6,"Personal Space/memo/PLAUD Meditations/June/06-21 at 19_18 — When the Gift Becomes the Snare_ Flirtation, Double-Mindedness, and the Technology Surrendered to the King-Public Spoken Word — PLAUD Note Prompt.md"
2026-06-22,June,V,"Tablet V · Come Out of Her, My Children",May 26 – Aug 16 (Volume III),"Call Reflection_ Commission, Providence, and Kingdom Partnership",this is Seth's Jun 22 · 12:00 call reflection on **commission in obscurity** — a business-terms conversation with Samuel where a penny-charge on a dormant subscription becomes t...,7,"Personal Space/memo/PLAUD Meditations/June/06-22 Call Reflection_ Commission, Providence, and Kingdom Partnership-Public Spoken Word — PLAUD Note Prompt.md"
2026-06-22,June,V,"Tablet V · Come Out of Her, My Children",May 26 – Aug 16 (Volume III),"Personal Meditation_ Christ in Me, Prophetic Calling, and the Ministry of the Ordinary","Christ in Me, Prophetic Calling, and the Ministry of the Ordinary",11,"Personal Space/memo/PLAUD Meditations/June/06-22 Personal Meditation_ Christ in Me, Prophetic Calling, and the Ministry of the Ordinary-Public Spoken Word — PLAUD Note Prompt.md"
2026-06-22,June,V,"Tablet V · Come Out of Her, My Children",May 26 – Aug 16 (Volume III),"Theological Reflection_ AI Memory, Divine Remembrance, and the God Who Calls by Name","this is Seth's Jun 22 · 15:08 theological reflection triggered by **Ishmael, the AI voice agent Seth built**, that could not remember his name at first. The file's astonishment:...",7,"Personal Space/memo/PLAUD Meditations/June/06-22 Theological Reflection_ AI Memory, Divine Remembrance, and the God Who Calls by Name-Public Spoken Word — PLAUD Note Prompt.md"
2026-06-22,June,V,"Tablet V · Come Out of Her, My Children",May 26 – Aug 16 (Volume III),"The Trap Dressed as a Blessing, the Door Dressed as a Wall","this is Seth's Jun 22 · 06:14 dawn conversation — a business demo, a brotherly check-in, and the throwaway kairos line: *""That's how traps work, dude. They always come dressed a...",7,"Personal Space/memo/PLAUD Meditations/June/06-22 at 06_14 — The Trap Dressed as a Blessing, the Door Dressed as a Wall-Public Spoken Word — PLAUD Note Prompt.md"
2026-06-22,June,V,"Tablet V · Come Out of Her, My Children",May 26 – Aug 16 (Volume III),"The Business of Brotherhood_ Accountability, Ambition, and the Weight of a Brother's Word",this is Seth's Jun 22 · 12:00 sibling reflection (twin to the Commission-in-Obscurity file at the same clock-minute). The file's central move: brotherhood requires holding a mir...,7,"Personal Space/memo/PLAUD Meditations/June/06-22 at 12_00 — The Business of Brotherhood_ Accountability, Ambition, and the Weight of a Brother's Word-Public Spoken Word — PLAUD Note Prompt.md"
2026-06-22,June,V,"Tablet V · Come Out of Her, My Children",May 26 – Aug 16 (Volume III),Led Into the Wilderness_ Building for the Spirit in the Hour of Poverty,"this is Seth's Jun 22 · 12:34 conversation at the edge of a beach at sunrise, where beneath equity splits and AI architecture Samuel's raw confession broke through: *""I've still...",7,Personal Space/memo/PLAUD Meditations/June/06-22 at 12_34 — Led Into the Wilderness_ Building for the Spirit in the Hour of Poverty-Public Spoken Word — PLAUD Note Prompt.md
2026-06-22,June,V,"Tablet V · Come Out of Her, My Children",May 26 – Aug 16 (Volume III),Running on Fumes and Faith,06-22 at 15_06 — Running on Fumes and Faith,11,Personal Space/memo/PLAUD Meditations/June/06-22 at 15_06 — Running on Fumes and Faith-Public Spoken Word — PLAUD Note Prompt.md
2026-06-22,June,V,"Tablet V · Come Out of Her, My Children",May 26 – Aug 16 (Volume III),"The Anatomy of a Commissioned Life_ Awareness, Burial, and the Sacred Ordinary",this is Seth's Jun 22 · 20:30 late-night conversation — the day's culmination. The file names *the anatomy of a commissioned life*: awareness → burial → sacred ordinary. Nehemia...,7,"Personal Space/memo/PLAUD Meditations/June/06-22 at 20_30 — The Anatomy of a Commissioned Life_ Awareness, Burial, and the Sacred Ordinary-Public Spoken Word — PLAUD Note Prompt.md"
2026-06-23,June,V,"Tablet V · Come Out of Her, My Children",May 26 – Aug 16 (Volume III),"Call Reflection_ Faith, Blocked Ads, and Kingdom Building in the Ordinary","this is Seth's Jun 23 · 15:52 mid-afternoon call — the ad that would not post, the memory that would not forget, the waiting that shapes a king. Gladys bringing coffee as ὑπομέν...",6,"Personal Space/memo/PLAUD Meditations/June/06-23 Call Reflection_ Faith, Blocked Ads, and Kingdom Building in the Ordinary-Public Spoken Word — PLAUD Note Prompt.md"
2026-06-23,June,V,"Tablet V · Come Out of Her, My Children",May 26 – Aug 16 (Volume III),"Personal Meditation_ Spiritual Re-entry, Faith, and Kingdom Deployment in AI & Technical Domains",this is Seth's Jun 23 · 07:34 AI-voice-agent session — spiritual re-entry into the technical domain with the עָנָן (*anan*) cloud model of one-step-at-a-time obedience. The Psal...,6,"Personal Space/memo/PLAUD Meditations/June/06-23 Personal Meditation_ Spiritual Re-entry, Faith, and Kingdom Deployment in AI & Technical Domains-Public Spoken Word — PLAUD Note Prompt.md"
2026-06-23,June,V,"Tablet V · Come Out of Her, My Children",May 26 – Aug 16 (Volume III),"Personal Meditation_ Spiritual Reentry, Lamplight Obedience, and Yielded Competence",this is Seth's Jun 23 · 12:26 midday deepening of the same *walking back into the dark with open eyes* the 07:34 sibling opened. The file's cornerstone: **Daniel 6:10 windows-to...,6,"Personal Space/memo/PLAUD Meditations/June/06-23 Personal Meditation_ Spiritual Reentry, Lamplight Obedience, and Yielded Competence-Public Spoken Word — PLAUD Note Prompt.md"
2026-06-23,June,V,"Tablet V · Come Out of Her, My Children",May 26 – Aug 16 (Volume III),"Walking Uphill Together_ Koinonia, the Lamb's Price, and the Kingdom Business of Heirs","this is Seth's Jun 23 · 07:34 sunrise call — walking uphill together with a brother, κοινωνία (koinōnia) as the Lamb's-price grammar. This file opens Jun 23's ten-hour continuou...",6,"Personal Space/memo/PLAUD Meditations/June/06-23 at 07_34 — Walking Uphill Together_ Koinonia, the Lamb's Price, and the Kingdom Business of Heirs-Public Spoken Word — PLAUD Note Prompt.md"
2026-06-23,June,V,"Tablet V · Come Out of Her, My Children",May 26 – Aug 16 (Volume III),When Provision Meets Preaching and the Lord Outpaces the Worry,this is Seth's Jun 23 · 11:52 midday reflection on **provision outpacing worry** — the Lord provides before the anxiety forms. Central image: שָׁמַר (*shamar*) as present-tense ...,6,Personal Space/memo/PLAUD Meditations/June/06-23 at 11_52 — When Provision Meets Preaching and the Lord Outpaces the Worry-Public Spoken Word — PLAUD Note Prompt.md
2026-06-23,June,V,"Tablet V · Come Out of Her, My Children",May 26 – Aug 16 (Volume III),When the Voice Remembers What the Spirit Began,"this is Seth's Jun 23 · 12:22 reflection on **AI voice agents and the Shepherd's voice**, extending the Jun 22 · 15:08 Ishmael-encounter doctrine. Central move: the Spirit's στε...",5,Personal Space/memo/PLAUD Meditations/June/06-23 at 12_22 — When the Voice Remembers What the Spirit Began-Public Spoken Word — PLAUD Note Prompt.md
2026-06-23,June,V,"Tablet V · Come Out of Her, My Children",May 26 – Aug 16 (Volume III),"The Cross as Center_ Paideia, Lament, and the Graduation of Miracles","Paideia, Lament, and the Graduation of Miracles",13,"Personal Space/memo/PLAUD Meditations/June/06-23 at 15_51 — The Cross as Center_ Paideia, Lament, and the Graduation of Miracles-Public Spoken Word — PLAUD Note Prompt.md"
2026-06-23,June,V,"Tablet V · Come Out of Her, My Children",May 26 – Aug 16 (Volume III),"Covenant, Commerce, and the Holy Weight of Witness","this is Seth's Jun 23 · 16:51 late-afternoon call — commerce discerned as covenantal ground, mamōnas (Matt 6:24) as would-be master. The file names the saints as ἱεράτευμα (roya...",6,"Personal Space/memo/PLAUD Meditations/June/06-23 at 16_51 — Covenant, Commerce, and the Holy Weight of Witness-Public Spoken Word — PLAUD Note Prompt.md"
2026-06-23,June,V,"Tablet V · Come Out of Her, My Children",May 26 – Aug 16 (Volume III),"Raised a Killer, Covered by Blood_ Identity, Intercession, and the Architecture of Brotherhood","this is Seth's Jun 23 · 18:59 evening confession — **Raised a Killer, Covered by Blood** — identity, intercession, and the architecture of brotherhood. The most autobiographical...",6,"Personal Space/memo/PLAUD Meditations/June/06-23 at 18_59 — Raised a Killer, Covered by Blood_ Identity, Intercession, and the Architecture of Brotherhood-Public Spoken Word — PLAUD Note Prompt.md"
2026-06-23,June,V,"Tablet V · Come Out of Her, My Children",May 26 – Aug 16 (Volume III),When the Door Shines Like Gold but Leads Into Darkness,this is Seth's Jun 23 · 21:25 late-evening file — the day's closing warning: **the door that shines like gold but leads into darkness**. Hosea 4:6 דַּעַת (*da'at*) as intimate c...,7,Personal Space/memo/PLAUD Meditations/June/06-23 at 21_25 — When the Door Shines Like Gold but Leads Into Darkness-Public Spoken Word — PLAUD Note Prompt.md
2026-06-23,June,V,"Tablet V · Come Out of Her, My Children",May 26 – Aug 16 (Volume III),Where Is Your Faith_ The Testimony of Commissioned Works — Brother Samuel's Testimony,The Testimony of Commissioned Works — Brother Samuel's Testimony,14,Personal Space/memo/PLAUD Meditations/June/06-23 — Where Is Your Faith_ The Testimony of Commissioned Works — Brother Samuel's Testimony-Public Spoken Word — PLAUD Note Prompt.md
2026-06-24,June,V,"Tablet V · Come Out of Her, My Children",May 26 – Aug 16 (Volume III),"When the Lord Pitches, Every Swing Is a Home Run","this is Seth's Jun 24 · 10:19 call — **""When the Lord Pitches, Every Swing Is a Home Run.""** The corpus's clearest single-image statement of *God-set-up = human-follow-through* ...",16,"Personal Space/memo/PLAUD Meditations/June/06-24 at 10_19 — When the Lord Pitches, Every Swing Is a Home Run-Public Spoken Word — PLAUD Note Prompt.md"
2026-06-24,June,V,"Tablet V · Come Out of Her, My Children",May 26 – Aug 16 (Volume III),"The Weight of the Word_ Language, Waiting, and the Crucible of the Nations","this is Seth's Jun 24 · 12:32 call — **""The Weight of the Word: Language, Waiting, and the Crucible of the Nations.""** צָרַף (*tsaraph*) — the Refiner sits, deliberate, present,...",6,"Personal Space/memo/PLAUD Meditations/June/06-24 at 12_32 — The Weight of the Word_ Language, Waiting, and the Crucible of the Nations-Public Spoken Word — PLAUD Note Prompt.md"
2026-06-24,June,V,"Tablet V · Come Out of Her, My Children",May 26 – Aug 16 (Volume III),The Ground Had to Break Before the Seed Could Root,06-24 at 15_41 — The Ground Had to Break Before the Seed Could Root,9,Personal Space/memo/PLAUD Meditations/June/06-24 at 15_41 — The Ground Had to Break Before the Seed Could Root-Public Spoken Word — PLAUD Note Prompt.md
2026-06-24,June,V,"Tablet V · Come Out of Her, My Children",May 26 – Aug 16 (Volume III),"The Weight of Gifts, the Sail of Surrender, and the Formation That Is the Journey","this is Seth's Jun 24 · 16:43 call — **""The Weight of Gifts, the Sail of Surrender, and the Formation That Is the Journey.""** Central move: gifts have weight; surrender is the s...",6,"Personal Space/memo/PLAUD Meditations/June/06-24 at 16_43 — The Weight of Gifts, the Sail of Surrender, and the Formation That Is the Journey-Public Spoken Word — PLAUD Note Prompt.md"
2026-06-25,June,V,"Tablet V · Come Out of Her, My Children",May 26 – Aug 16 (Volume III),"Personal Meditation_ Paideia, Webhooks, and Kingdom Formation in Ordinary Life","Paideia, Webhooks, and Kingdom Formation in Ordinary Life",13,"Personal Space/memo/PLAUD Meditations/June/06-25 Personal Meditation_ Paideia, Webhooks, and Kingdom Formation in Ordinary Life-Public Spoken Word — PLAUD Note Prompt.md"
2026-06-25,June,V,"Tablet V · Come Out of Her, My Children",May 26 – Aug 16 (Volume III),When the Harvest Moves Faster Than the Laborers,Seth's Jun 25 · 10:18 — when the harvest moves faster than the laborers.,6,Personal Space/memo/PLAUD Meditations/June/06-25 at 10_18 — When the Harvest Moves Faster Than the Laborers-Public Spoken Word — PLAUD Note Prompt.md
2026-06-25,June,V,"Tablet V · Come Out of Her, My Children",May 26 – Aug 16 (Volume III),When the Closer Cannot Be Bought_ Covenant Brotherhood and the Gift That God Confirms,Covenant Brotherhood and the Gift That God Confirms,13,Personal Space/memo/PLAUD Meditations/June/06-25 at 12_32 — When the Closer Cannot Be Bought_ Covenant Brotherhood and the Gift That God Confirms-Public Spoken Word — PLAUD Note Prompt.md
2026-06-25,June,V,"Tablet V · Come Out of Her, My Children",May 26 – Aug 16 (Volume III),The Fire Shut Up in the Bones,"this is Seth's Jun 25 · 17:00 call — **""The Fire Shut Up in the Bones: Kingdom Business and the Stewardship of Divine Momentum.""** The Jer 20:9 grammar walked into vocational-st...",17,Personal Space/memo/PLAUD Meditations/June/06-25 at 17_00 — The Fire Shut Up in the Bones-Public Spoken Word — PLAUD Note Prompt.md
2026-06-26,June,V,"Tablet V · Come Out of Her, My Children",May 26 – Aug 16 (Volume III),When the Covenant Feels Like a Weight You Cannot Carry,"this is Seth's Jun 26 · 07:16 call — **""When the Covenant Feels Like a Weight You Cannot Carry.""** Central move: the felt-weight is the covenant's honesty, not its failure; marr...",18,Personal Space/memo/PLAUD Meditations/June/06-26 at 07_16 — When the Covenant Feels Like a Weight You Cannot Carry-Public Spoken Word — PLAUD Note Prompt (1).md
2026-06-26,June,V,"Tablet V · Come Out of Her, My Children",May 26 – Aug 16 (Volume III),When Business Becomes Brotherhood_ Blessing From the Overflow of an Empty Cup,Blessing From the Overflow of an Empty Cup,11,Personal Space/memo/PLAUD Meditations/June/06-26 at 10_17 — When Business Becomes Brotherhood_ Blessing From the Overflow of an Empty Cup-Public Spoken Word — PLAUD Note Prompt.md
2026-06-26,June,V,"Tablet V · Come Out of Her, My Children",May 26 – Aug 16 (Volume III),The Glory That Has No Room for Your Strategy,"this is Seth's Jun 26 · 15:03 call — **""The Glory That Has No Room for Your Strategy.""** Central move: divine glory occupies the space human strategy would otherwise fill; the w...",6,Personal Space/memo/PLAUD Meditations/June/06-26 at 15_03 — The Glory That Has No Room for Your Strategy-Public Spoken Word — PLAUD Note Prompt.md
2026-06-27,June,V,"Tablet V · Come Out of Her, My Children",May 26 – Aug 16 (Volume III),"Call Reflection_ Eden, Fallen Work, and Faithful Endurance in Christ","this is Seth's Jun 27 · 04:11 call — **""The Real World, Eden, and the Work God Finishes in Us.""** Central move: what the culture calls ""the real world"" is *fallen work*; Eden's ...",18,"Personal Space/memo/PLAUD Meditations/June/06-27 Call Reflection_ Eden, Fallen Work, and Faithful Endurance in Christ-Public Spoken Word — PLAUD Note Prompt.md"
2026-06-27,June,V,"Tablet V · Come Out of Her, My Children",May 26 – Aug 16 (Volume III),Reflection_ The Cost of Delayed Repentance and Grace-Windows,Seth's Jun 27 — the cost of delayed repentance and grace-windows.,6,Personal Space/memo/PLAUD Meditations/June/06-27 Reflection_ The Cost of Delayed Repentance and Grace-Windows-Public Spoken Word — PLAUD Note Prompt.md
2026-06-27,June,V,"Tablet V · Come Out of Her, My Children",May 26 – Aug 16 (Volume III),A Stone-Walled Canteen and the Brotherhood That Crosses Oceans,06-27 at 23_29 — A Stone-Walled Canteen and the Brotherhood That Crosses Oceans,11,Personal Space/memo/PLAUD Meditations/June/06-27 at 23_29 — A Stone-Walled Canteen and the Brotherhood That Crosses Oceans-Public Spoken Word — PLAUD Note Prompt.md
2026-06-28,June,V,"Tablet V · Come Out of Her, My Children",May 26 – Aug 16 (Volume III),The Interior Judas and the Joy That Confounds Kingdoms,"this is Seth's Jun 28 · 12:05 call — **""The Interior Judas and the Joy That Confounds Kingdoms.""** Central move: the interior Judas is the fifth-column impulse at the heart's ed...",18,Personal Space/memo/PLAUD Meditations/June/06-28 at 12_05 — The Interior Judas and the Joy That Confounds Kingdoms-Public Spoken Word — PLAUD Note Prompt.md
2026-06-29,June,V,"Tablet V · Come Out of Her, My Children",May 26 – Aug 16 (Volume III),"Personal Meditation_ Intercessory Prayer, Prevenient Grace, and God's Sovereign Pursuit of a Prodigal",this is Seth's Jun 29 personal meditation — **prevenient grace and God's sovereign pursuit of a prodigal.** αὐτομάτως (Acts 12:10) iron-gate-that-opened-of-its-own-accord; חֶסֶד...,5,"Personal Space/memo/PLAUD Meditations/June/06-29 Personal Meditation_ Intercessory Prayer, Prevenient Grace, and God's Sovereign Pursuit of a Prodigal-Public Spoken Word — PLAUD Note Prompt.md"
2026-06-29,June,V,"Tablet V · Come Out of Her, My Children",May 26 – Aug 16 (Volume III),"Sermon Reflection_ Threefold Cord, Interior Exodus, and AI in Kingdom Business","this is Seth's Jun 29 · 17:09 sermon reflection — **""When the Safety Nets Are Removed: Threefold Cord, Interior Exodus, and the Age of Sanctified Silicon.""** Central move: μετάν...",6,"Personal Space/memo/PLAUD Meditations/June/06-29 Sermon Reflection_ Threefold Cord, Interior Exodus, and AI in Kingdom Business-Public Spoken Word — PLAUD Note Prompt.md"
2026-06-29,June,V,"Tablet V · Come Out of Her, My Children",May 26 – Aug 16 (Volume III),"Teaching Reflection_ Divine Jealousy, Sacred Encounter, and the Cost of Prophetic Calling on Marriage","this is Seth's Jun 29 · 14:45 teaching reflection — **""When God Is Jealous for You: The Hidden Cost of Divine Intimacy on Earthly Covenant.""** ἄρρητα ῥήματα (arrhēta rhēmata) — ...",5,"Personal Space/memo/PLAUD Meditations/June/06-29 Teaching Reflection_ Divine Jealousy, Sacred Encounter, and the Cost of Prophetic Calling on Marriage-Public Spoken Word — PLAUD Note Prompt.md"
2026-06-29,June,V,"Tablet V · Come Out of Her, My Children",May 26 – Aug 16 (Volume III),"Teaching Reflection_ Mercy, Divine Testing, and God's Dominion Over Love","this is Seth's Jun 29 teaching reflection — **""Mercy, Divine Testing, and God's Dominion Over Love.""** ἔλεος (eleos) as the Greek inheritance of חֶסֶד — steadfast covenant-love ...",5,"Personal Space/memo/PLAUD Meditations/June/06-29 Teaching Reflection_ Mercy, Divine Testing, and God's Dominion Over Love-Public Spoken Word — PLAUD Note Prompt.md"
2026-06-29,June,V,"Tablet V · Come Out of Her, My Children",May 26 – Aug 16 (Volume III),When the World Is Shaking and the Crib Isn't Built Yet,"this is Seth's Jun 29 · 10:18 call — **""When the World Is Shaking and the Crib Isn't Built Yet.""** Fatherhood-under-pressure; the watchman צֹפֶה recognizes geopolitical shaking ...",12,Personal Space/memo/PLAUD Meditations/June/06-29 at 10_18 — When the World Is Shaking and the Crib Isn't Built Yet-Public Spoken Word — PLAUD Note Prompt.md
2026-06-29,June,V,"Tablet V · Come Out of Her, My Children",May 26 – Aug 16 (Volume III),"Fire in the Bones_ Providence, Provision, and the Posture of a Father-in-Waiting","this is Seth's Jun 29 · 17:06 call — **""Fire in the Bones: Providence, Provision, and the Posture of a Father-in-Waiting.""** Second file to bear the Jer 20:9 title-image (after ...",6,"Personal Space/memo/PLAUD Meditations/June/06-29 at 17_06 — Fire in the Bones_ Providence, Provision, and the Posture of a Father-in-Waiting-Public Spoken Word — PLAUD Note Prompt.md"
2026-06-30,June,V,"Tablet V · Come Out of Her, My Children",May 26 – Aug 16 (Volume III),"Conversation Reflection_ Dirty Hands & Pure Heart — Incarnation, Spiritual Warfare, and Kingdom Living","this is Seth's Jun 30 — **""Dirty Hands & Pure Heart: Incarnation, Spiritual Warfare, and Kingdom Living.""** John 12:24 κόκκος (grain-that-must-die) walked as *poverty-and-afflic...",5,"Personal Space/memo/PLAUD Meditations/June/06-30 Conversation Reflection_ Dirty Hands & Pure Heart — Incarnation, Spiritual Warfare, and Kingdom Living-Public Spoken Word — PLAUD Note Prompt.md"
2026-06-30,June,V,"Tablet V · Come Out of Her, My Children",May 26 – Aug 16 (Volume III),"Sermon Reflection_ Discernment, Formation-Based Prayer, and the Open Door","this is Seth's Jun 30 · 12:54 sermon reflection — **""When the Door Is Open and the Devil Opens Others.""** 1 Kings 22:19-23 lying-spirit-coordinated-chorus doctrine walked as *di...",6,"Personal Space/memo/PLAUD Meditations/June/06-30 Sermon Reflection_ Discernment, Formation-Based Prayer, and the Open Door-Public Spoken Word — PLAUD Note Prompt.md"
2026-07-01,July,V,"Tablet V · Come Out of Her, My Children",May 26 – Aug 16 (Volume III),"Call Reflection_ Brotherhood, Sanctification, and the Master Weaver",this is Seth's Jul 1 · 17:26 evening call — **the Weaver threads two strands together**. Central move: the Master Weaver braids two imperfect brothers into one covenant. 1 Sam 1...,6,"Personal Space/memo/PLAUD Meditations/July/07-01 Call Reflection_ Brotherhood, Sanctification, and the Master Weaver-Public Spoken Word — PLAUD Note Prompt.md"
2026-07-01,July,V,"Tablet V · Come Out of Her, My Children",May 26 – Aug 16 (Volume III),Call Reflection_ Divine Alignment in Business Partnership and Lead Generation,this is Seth's Jul 1 · 18:21 call — **when God brings the right partnership to the table**. Central move: καιρός recognition is a Spirit-trained capacity. Eccl 4:12's threefold ...,6,Personal Space/memo/PLAUD Meditations/July/07-01 Call Reflection_ Divine Alignment in Business Partnership and Lead Generation-Public Spoken Word — PLAUD Note Prompt.md
2026-07-01,July,V,"Tablet V · Come Out of Her, My Children",May 26 – Aug 16 (Volume III),"Call Reflection_ Faithful Execution, Business Partnership, and Spiritual Formation","Seth's Jul 1 call — faithful execution, business partnership, spiritual formation.",6,"Personal Space/memo/PLAUD Meditations/July/07-01 Call Reflection_ Faithful Execution, Business Partnership, and Spiritual Formation-Public Spoken Word — PLAUD Note Prompt.md"
2026-07-01,July,V,"Tablet V · Come Out of Her, My Children",May 26 – Aug 16 (Volume III),"Call Reflection_ Faithfulness, Discipleship, and Marketplace Stewardship",this is Seth's Jul 1 · 17:32 call — **when the system becomes the scaffolding**. Central move: covenant fidelity at home is the seed of covenant fidelity in every arena. Luke 16...,6,"Personal Space/memo/PLAUD Meditations/July/07-01 Call Reflection_ Faithfulness, Discipleship, and Marketplace Stewardship-Public Spoken Word — PLAUD Note Prompt.md"
2026-07-01,July,V,"Tablet V · Come Out of Her, My Children",May 26 – Aug 16 (Volume III),When the Silence of Heaven Feels Like Abandonment,"this is Seth's Jul 1 · 07:03 dawn file — **when the silence of heaven feels like abandonment**. Habakkuk 2:1 מִשְׁמֶרֶת (*mishmereth*) as the rampart-posture — active, stationed...",6,Personal Space/memo/PLAUD Meditations/July/07-01 at 07_03 — When the Silence of Heaven Feels Like Abandonment-Public Spoken Word — PLAUD Note Prompt.md
2026-07-01,July,V,"Tablet V · Come Out of Her, My Children",May 26 – Aug 16 (Volume III),Standing at the Rampart_ Waiting on God's Promise in the Rhythm of Ordinary Work,"this is Seth's Jul 1 · 12:29 midday sibling to the 07:03 dawn file — the rampart named now walked in Gladys's coffee-bringing, the ordinary marriage as ἀγάπη. Central move: cove...",6,Personal Space/memo/PLAUD Meditations/July/07-01 at 12_29 — Standing at the Rampart_ Waiting on God's Promise in the Rhythm of Ordinary Work-Public Spoken Word — PLAUD Note Prompt.md
2026-07-01,July,V,"Tablet V · Come Out of Her, My Children",May 26 – Aug 16 (Volume III),"When the Desperate Become the Motivated, and the Survivors Become the Judges",this is Seth's Jul 1 · 12:29 conversational sibling — the theology of desperation. Central move: the desperate who found grace become the motivated; the survivors who never fell...,6,"Personal Space/memo/PLAUD Meditations/July/07-01 at 12_29 — When the Desperate Become the Motivated, and the Survivors Become the Judges-Public Spoken Word — PLAUD Note Prompt.md"
2026-07-02,July,V,"Tablet V · Come Out of Her, My Children",May 26 – Aug 16 (Volume III),"Call Reflection_ Shalom, Rest, and the Gift of Wasted Time",this is Seth's Jul 2 · 15:02 call — **shalom in the gaps**. Central move: שָׁלוֹם is not absence-of-conflict but positive-presence-of-wholeness; wasted time is a gift when it is...,6,"Personal Space/memo/PLAUD Meditations/July/07-02 Call Reflection_ Shalom, Rest, and the Gift of Wasted Time-Public Spoken Word — PLAUD Note Prompt.md"
2026-07-02,July,V,"Tablet V · Come Out of Her, My Children",May 26 – Aug 16 (Volume III),"Call Reflection_ Suffering as Keeping Grace, Sober-Mindedness, and Spiritual Formation",this is Seth's Jul 2 · 12:29 call — **kept by suffering**. Central move: suffering itself is a keeping-grace; sober-mindedness is not stoicism but the discipline of staying-in-t...,6,"Personal Space/memo/PLAUD Meditations/July/07-02 Call Reflection_ Suffering as Keeping Grace, Sober-Mindedness, and Spiritual Formation-Public Spoken Word — PLAUD Note Prompt.md"
2026-07-02,July,V,"Tablet V · Come Out of Her, My Children",May 26 – Aug 16 (Volume III),"The Laborer and His Wages_ Faith, Work, and the Ancient Blessing at Dawn","Faith, Work, and the Ancient Blessing at Dawn",9,"Personal Space/memo/PLAUD Meditations/July/07-02 at 08_12 — The Laborer and His Wages_ Faith, Work, and the Ancient Blessing at Dawn-Public Spoken Word — PLAUD Note Prompt.md"
2026-07-02,July,V,"Tablet V · Come Out of Her, My Children",May 26 – Aug 16 (Volume III),The Infrastructure We Became Without Knowing It,this is Seth's Jul 2 · 10:16 file — **the infrastructure we became without knowing it**. Central move: the partnership Jun 22-Jul 1 named as convergence is now recognized retros...,6,Personal Space/memo/PLAUD Meditations/July/07-02 at 10_16 — The Infrastructure We Became Without Knowing It-Public Spoken Word — PLAUD Note Prompt.md
2026-07-02,July,V,"Tablet V · Come Out of Her, My Children",May 26 – Aug 16 (Volume III),The Ordinary Altar_ Holiness Hidden in the Everyday,this is Seth's Jul 2 · 12:12 file — **the ordinary altar: holiness hidden in the everyday**. This is the corpus's most direct pre-tablet naming of the sacred-ordinary doctrine. ...,6,Personal Space/memo/PLAUD Meditations/July/07-02 at 12_12 — The Ordinary Altar_ Holiness Hidden in the Everyday-Public Spoken Word — PLAUD Note Prompt.md
2026-07-02,July,V,"Tablet V · Come Out of Her, My Children",May 26 – Aug 16 (Volume III),The Steward's Table_ Building With Borrowed Hands and Borrowed Time,this is Seth's Jul 2 · 14:40 file — **the Steward's Table: building with borrowed hands and borrowed time**. Central move: אֲחֻזָּה (*'aḥuzzāh*) — the Abrahamic covenantal-posse...,6,Personal Space/memo/PLAUD Meditations/July/07-02 at 14_40 — The Steward's Table_ Building With Borrowed Hands and Borrowed Time-Public Spoken Word — PLAUD Note Prompt.md
2026-07-02,July,V,"Tablet V · Come Out of Her, My Children",May 26 – Aug 16 (Volume III),When the Builder Needs Rest_ Financing Growth and the Weight of Ceaseless Labor,"this is Seth's Jul 2 · 15:08 — **""When the Builder Needs Rest.""** Prov 23:4 cease-from-overwork as *will-against-striving's-momentum*; ὑπομονή as remaining-in-position-while-sus...",9,Personal Space/memo/PLAUD Meditations/July/07-02 at 15_08 — When the Builder Needs Rest_ Financing Growth and the Weight of Ceaseless Labor-Public Spoken Word — PLAUD Note Prompt.md
2026-07-03,July,V,"Tablet V · Come Out of Her, My Children",May 26 – Aug 16 (Volume III),"Personal Reflection_ ER Visit, Early Pregnancy Relief, and Home Recovery","Seth's Jul 3 — ER visit, early pregnancy relief, home recovery; body-and-covenant-under-fear.",6,"Personal Space/memo/PLAUD Meditations/July/07-03 Personal Reflection_ ER Visit, Early Pregnancy Relief, and Home Recovery-Public Spoken Word — PLAUD Note Prompt.md"
2026-07-03,July,V,"Tablet V · Come Out of Her, My Children",May 26 – Aug 16 (Volume III),Stepping Into the Jordan Before the Water Parts,07-03 at 06_59 — Stepping Into the Jordan Before the Water Parts,12,Personal Space/memo/PLAUD Meditations/July/07-03 at 06_59 — Stepping Into the Jordan Before the Water Parts-Public Spoken Word — PLAUD Note Prompt.md
2026-07-03,July,V,"Tablet V · Come Out of Her, My Children",May 26 – Aug 16 (Volume III),When the Work Grows Larger Than One Vessel Can Carry,"this is Seth's Jul 3 · 07:12 reflection — **""When the Work Grows Larger Than One Vessel Can Carry.""** Central move: דָּבָר (*dabar*) as word/matter/reality — the Isaiah 55:11 di...",6,Personal Space/memo/PLAUD Meditations/July/07-03 at 07_12 — When the Work Grows Larger Than One Vessel Can Carry-Public Spoken Word — PLAUD Note Prompt.md
2026-07-03,July,V,"Tablet V · Come Out of Her, My Children",May 26 – Aug 16 (Volume III),When the Beloved Is in the Valley and I Am an Hour Away,"this is Seth's Jul 3 · 08:51 call — **the beloved in the valley, and Seth an hour away by geography**. Central move: covenant love speaks *across hesitation and delay*; the דּוֹ...",6,Personal Space/memo/PLAUD Meditations/July/07-03 at 08_51 — When the Beloved Is in the Valley and I Am an Hour Away-Public Spoken Word — PLAUD Note Prompt.md
2026-07-03,July,V,"Tablet V · Come Out of Her, My Children",May 26 – Aug 16 (Volume III),"Blessed Be the Name_ Sovereignty, Miscarriage, and the Posture of Morning Prayer","Sovereignty, Miscarriage, and the Posture of Morning Prayer",11,"Personal Space/memo/PLAUD Meditations/July/07-03 at 13_01 — Blessed Be the Name_ Sovereignty, Miscarriage, and the Posture of Morning Prayer-Public Spoken Word — PLAUD Note Prompt.md"
2026-07-04,July,V,"Tablet V · Come Out of Her, My Children",May 26 – Aug 16 (Volume III),"Teaching Reflection_ Ancient Energy, Hidden History, and Biblical Discernment","Seth's Jul 4 — ancient energy, hidden history, biblical discernment; anti-Gnostic root.",6,"Personal Space/memo/PLAUD Meditations/July/07-04 Teaching Reflection_ Ancient Energy, Hidden History, and Biblical Discernment-Public Spoken Word — PLAUD Note Prompt.md"
2026-07-04,July,V,"Tablet V · Come Out of Her, My Children",May 26 – Aug 16 (Volume III),"Teaching Reflection_ Leanness of Soul, Purpose, and the Outward Life","this is Seth's Jul 4 — **""Leanness of Soul, Purpose, and the Outward Life.""** Ps 106:15 rāzōn (leanness) as *comfort-induced-shrinkage-of-soul*; Amos 6:4-6 not-grieved-for-Josep...",9,"Personal Space/memo/PLAUD Meditations/July/07-04 Teaching Reflection_ Leanness of Soul, Purpose, and the Outward Life-Public Spoken Word — PLAUD Note Prompt.md"
2026-07-04,July,V,"Tablet V · Come Out of Her, My Children",May 26 – Aug 16 (Volume III),"Little Elijah Lives_ On Heartbeats, Holy Framing, and the Interior Exodus","On Heartbeats, Holy Framing, and the Interior Exodus",11,"Personal Space/memo/PLAUD Meditations/July/07-04 at 04_30 — Little Elijah Lives_ On Heartbeats, Holy Framing, and the Interior Exodus-Public Spoken Word — PLAUD Note Prompt.md"
2026-07-04,July,V,"Tablet V · Come Out of Her, My Children",May 26 – Aug 16 (Volume III),"The Road We Walk Together_ Brotherhood, Laughter, and the Ordinary Grace of Friendship","this is Seth's Jul 4 · 16:47 phone call — **""The Road We Walk Together: Brotherhood, Laughter, and the Ordinary Grace of Friendship.""** Gal 6:2 βάρη (*barē*) — heavy loads that ...",6,"Personal Space/memo/PLAUD Meditations/July/07-04 at 16_47 — The Road We Walk Together_ Brotherhood, Laughter, and the Ordinary Grace of Friendship-Public Spoken Word — PLAUD Note Prompt.md"
2026-07-05,July,V,"Tablet V · Come Out of Her, My Children",May 26 – Aug 16 (Volume III),"Teaching Reflection_ Ancient Sleep Rhythms, Night Watch, and Divine Design","Ancient Sleep Rhythms, Night Watch, and Divine Design",12,"Personal Space/memo/PLAUD Meditations/July/07-05 Teaching Reflection_ Ancient Sleep Rhythms, Night Watch, and Divine Design-Public Spoken Word — PLAUD Note Prompt.md"
2026-07-05,July,V,"Tablet V · Come Out of Her, My Children",May 26 – Aug 16 (Volume III),"The Network Is Covenant_ On Proximity, Purpose, and the Paths of Righteousness in the Marketplace","this is Seth's Jul 5 · 09:55 conversation — **""The Network Is Covenant: On Proximity, Purpose, and the Paths of Righteousness in the Marketplace.""** Central move: business netwo...",6,"Personal Space/memo/PLAUD Meditations/July/07-05 at 09_55 — The Network Is Covenant_ On Proximity, Purpose, and the Paths of Righteousness in the Marketplace-Public Spoken Word — PLAUD Note Prompt.md"
2026-07-05,July,V,"Tablet V · Come Out of Her, My Children",May 26 – Aug 16 (Volume III),When the Drunkard Spoke and the Curse Lifted,07-05 at 17_21 — When the Drunkard Spoke and the Curse Lifted,13,Personal Space/memo/PLAUD Meditations/July/07-05 at 17_21 — When the Drunkard Spoke and the Curse Lifted-Public Spoken Word — PLAUD Note Prompt.md
2026-07-05,July,V,"Tablet V · Come Out of Her, My Children",May 26 – Aug 16 (Volume III),The Drunkard's Word and the Turning of the Soul,"this is Seth's Jul 5 · 17:51 — **""The Drunkard's Word and the Turning of the Soul.""** God speaks through the most unlikely vessel; שׁוּב (shuv) as directional-repentance-not-emo...",5,Personal Space/memo/PLAUD Meditations/July/07-05 at 17_51 — The Drunkard's Word and the Turning of the Soul-Public Spoken Word — PLAUD Note Prompt.md
2026-07-06,July,V,"Tablet V · Come Out of Her, My Children",May 26 – Aug 16 (Volume III),The Book of Matthew and the Thread That Runs Through Everything,Seth's Jul 6 · 11:03 — the Book of Matthew and the thread that runs through everything.,6,Personal Space/memo/PLAUD Meditations/July/07-06 at 11_03 — The Book of Matthew and the Thread That Runs Through Everything-Public Spoken Word — PLAUD Note Prompt.md
2026-07-06,July,V,"Tablet V · Come Out of Her, My Children",May 26 – Aug 16 (Volume III),"When the Business Begins to Breathe_ Stewardship, Brotherhood, and the Weight of What God Is Building","Stewardship, Brotherhood, and the Weight of What God Is Building",18,"Personal Space/memo/PLAUD Meditations/July/07-06 at 11_04 — When the Business Begins to Breathe_ Stewardship, Brotherhood, and the Weight of What God Is Building-Public Spoken Word — PLAUD Note Prompt.md"
2026-07-06,July,V,"Tablet V · Come Out of Her, My Children",May 26 – Aug 16 (Volume III),"The Appointed Meeting, the Living Name, and the Brothers Who Build","this is Seth's Jul 6 · 12:14 call — **""The Appointed Meeting, the Living Name, and the Brothers Who Build.""** Central move: μετάνοια (*metanoia*) as *inner-turning-precedes-oute...",6,"Personal Space/memo/PLAUD Meditations/July/07-06 at 12_14 — The Appointed Meeting, the Living Name, and the Brothers Who Build-Public Spoken Word — PLAUD Note Prompt.md"
2026-07-06,July,V,"Tablet V · Come Out of Her, My Children",May 26 – Aug 16 (Volume III),"When the Kingdom Finds You in the Boredom, the Marketplace, and the Mud","Seth's Jul 6 · 14:59 — Kingdom finds you in boredom, marketplace, and mud.",6,"Personal Space/memo/PLAUD Meditations/July/07-06 at 14_59 — When the Kingdom Finds You in the Boredom, the Marketplace, and the Mud-Public Spoken Word — PLAUD Note Prompt.md"
2026-07-06,July,V,"Tablet V · Come Out of Her, My Children",May 26 – Aug 16 (Volume III),"The Loneliness of the Luminous Mind, and the Weight of Staying Present","this is Seth's Jul 6 · 21:12 — **""The Loneliness of the Luminous Mind, and the Weight of Staying Present.""** Jn 3:30 δεῖ (it-is-necessary) as structural-not-optional self-forget...",9,"Personal Space/memo/PLAUD Meditations/July/07-06 at 21_12 — The Loneliness of the Luminous Mind, and the Weight of Staying Present-Public Spoken Word — PLAUD Note Prompt.md"
2026-07-07,July,V,"Tablet V · Come Out of Her, My Children",May 26 – Aug 16 (Volume III),The Holy Ground of Ordinary Days,"this is Seth's Jul 7 · 12:09 call — **""The Holy Ground of Ordinary Days.""** The corpus's clearest naming of sacred-ordinary as *holy ground* — Ex 3:5 grammar walked into marriag...",6,Personal Space/memo/PLAUD Meditations/July/07-07 at 12_09 — The Holy Ground of Ordinary Days-Public Spoken Word — PLAUD Note Prompt.md
2026-07-07,July,V,"Tablet V · Come Out of Her, My Children",May 26 – Aug 16 (Volume III),The Holiness Hidden in the Ordinary_ A Meditation on the Sacred Threshold of Home,A Meditation on the Sacred Threshold of Home,12,Personal Space/memo/PLAUD Meditations/July/07-07 at 14_52 — The Holiness Hidden in the Ordinary_ A Meditation on the Sacred Threshold of Home-Public Spoken Word — PLAUD Note Prompt.md
2026-07-07,July,V,"Tablet V · Come Out of Her, My Children",May 26 – Aug 16 (Volume III),The Ordinary Holiness of Waiting Together,Seth's Jul 7 · 14:52 — the ordinary holiness of waiting together.,6,Personal Space/memo/PLAUD Meditations/July/07-07 at 14_52 — The Ordinary Holiness of Waiting Together-Public Spoken Word — PLAUD Note Prompt.md
2026-07-07,July,V,"Tablet V · Come Out of Her, My Children",May 26 – Aug 16 (Volume III),When Shall I Awake_ The Hardened Heart and the Serpent's Bite,"this is Seth's Jul 7 · 16:32 — **""When Shall I Awake? The Hardened Heart and the Serpent's Bite.""** Prov 23:35's *""when shall I awake?""* walked as covenantal-blindness diagnosis...",9,Personal Space/memo/PLAUD Meditations/July/07-07 at 16_32 — When Shall I Awake_ The Hardened Heart and the Serpent's Bite-Public Spoken Word — PLAUD Note Prompt.md
2026-07-07,July,V,"Tablet V · Come Out of Her, My Children",May 26 – Aug 16 (Volume III),"A Moment Between Brothers_ Business, Urgency, and the Weight of Competing Calls","Seth's Jul 7 · 17:11 — moment between brothers; business, urgency, competing calls.",6,"Personal Space/memo/PLAUD Meditations/July/07-07 at 17_11 — A Moment Between Brothers_ Business, Urgency, and the Weight of Competing Calls-Public Spoken Word — PLAUD Note Prompt.md"
2026-07-07,July,V,"Tablet V · Come Out of Her, My Children",May 26 – Aug 16 (Volume III),"The Rod, the Well, and the Covenant That Holds Through the Storm","this is Seth's Jul 7 · 18:40 — **""The Rod, the Well, and the Covenant That Holds Through the Storm.""** Ps 23:4 rod + Gen 26 wells + Heb 12:11 παιδεία as covenantal-formation tri...",8,"Personal Space/memo/PLAUD Meditations/July/07-07 at 18_40 — The Rod, the Well, and the Covenant That Holds Through the Storm-Public Spoken Word — PLAUD Note Prompt.md"
2026-07-09,July,V,"Tablet V · Come Out of Her, My Children",May 26 – Aug 16 (Volume III),Recording_ Spirit-Led Scriptural Meditation – Insufficient Source Material,Seth's Jul 9 — Spirit-led scriptural meditation with insufficient source material; a methodological archive-completeness marker.,6,Personal Space/memo/PLAUD Meditations/July/07-09 Recording_ Spirit-Led Scriptural Meditation – Insufficient Source Material-Public Spoken Word — PLAUD Note Prompt.md
2026-07-09,July,V,"Tablet V · Come Out of Her, My Children",May 26 – Aug 16 (Volume III),"Teaching Reflection_ Exousia vs. Dunamis — Authority, Spiritual Warfare, and the Covenant Verdict","this is Seth's Jul 9 · 16:20 teaching reflection — **""The Authority That Silences What Ability Cannot Remove.""** The corpus's foundational Greek-word distinction: ἐξουσία (exous...",23,"Personal Space/memo/PLAUD Meditations/July/07-09 Teaching Reflection_ Exousia vs. Dunamis — Authority, Spiritual Warfare, and the Covenant Verdict-Public Spoken Word — PLAUD Note Prompt.md"
2026-07-09,July,V,"Tablet V · Come Out of Her, My Children",May 26 – Aug 16 (Volume III),"The Blue Flame and the Heartbeat_ On Sanctification, Identity, and the God Who Holds What We Cannot","On Sanctification, Identity, and the God Who Holds What We Cannot",11,"Personal Space/memo/PLAUD Meditations/July/07-09 at 10_12 — The Blue Flame and the Heartbeat_ On Sanctification, Identity, and the God Who Holds What We Cannot-Public Spoken Word — PLAUD Note Prompt.md"
2026-07-09,July,V,"Tablet V · Come Out of Her, My Children",May 26 – Aug 16 (Volume III),The Altar in the Ordinary,Seth's Jul 9 · 10:14 — the altar in the ordinary.,6,Personal Space/memo/PLAUD Meditations/July/07-09 at 10_14 — The Altar in the Ordinary-Public Spoken Word — PLAUD Note Prompt.md
2026-07-09,July,V,"Tablet V · Come Out of Her, My Children",May 26 – Aug 16 (Volume III),When Satan Must Ask Permission_ The Hidden Authority of the Last Supper and the Lone Sheep Who Carries Too Much,"this is Seth's Jul 9 · 15:11 call — **""When Satan Must Ask Permission.""** The Job 1 grammar walked into pastoral doctrine: the enemy is under leash, permission-bounded, not auto...",6,Personal Space/memo/PLAUD Meditations/July/07-09 at 15_11 — When Satan Must Ask Permission_ The Hidden Authority of the Last Supper and the Lone Sheep Who Carries Too Much-Public Spoken Word — PLAUD Note Prompt.md
2026-07-10,July,V,"Tablet V · Come Out of Her, My Children",May 26 – Aug 16 (Volume III),"Call Reflection_ Restoration, Creation's Interdependence, and Biblical Community","this is Seth's Jul 10 call reflection — **restoration, creation's interdependence, and biblical community.** שׁוּב (*shuv*) as *actively-returned-by-God*; the $100-for-gas as a ...",13,"Personal Space/memo/PLAUD Meditations/July/07-10 Call Reflection_ Restoration, Creation's Interdependence, and Biblical Community-Public Spoken Word — PLAUD Note Prompt.md"
2026-07-10,July,V,"Tablet V · Come Out of Her, My Children",May 26 – Aug 16 (Volume III),Personal Reflection_ Intercessory Prayer and Deliverance for Samuel,this is Seth's Jul 10 personal reflection — **intercessory prayer and deliverance for Samuel.** The Samuel Loop's most sustained pre-Aug intercession-document — a direct dress r...,20,Personal Space/memo/PLAUD Meditations/July/07-10 Personal Reflection_ Intercessory Prayer and Deliverance for Samuel-Public Spoken Word — PLAUD Note Prompt.md
2026-07-10,July,V,"Tablet V · Come Out of Her, My Children",May 26 – Aug 16 (Volume III),"Holding the Name Loose_ A Meditation on Surrender, Expectation, and the Child Not Yet Born","this is Seth's Jul 10 · 12:33 meditation — **""Holding the Name Loose.""** Surrender, expectation, and the child not yet born (Elijah in utero). Central move: naming-with-open-han...",18,"Personal Space/memo/PLAUD Meditations/July/07-10 at 12_33 — Holding the Name Loose_ A Meditation on Surrender, Expectation, and the Child Not Yet Born-Public Spoken Word — PLAUD Note Prompt.md"
2026-07-10,July,V,"Tablet V · Come Out of Her, My Children",May 26 – Aug 16 (Volume III),"The Enemy Has Power but No Standing_ Exousia, Dunamis, and the Liberation of the Committed Heart","this is Seth's Jul 10 · 17:31 theological reflection — the corpus's clearest sustained statement of **""The Enemy Has Power but No Standing.""** Direct walking-out of Jul 9's exou...",20,"Personal Space/memo/PLAUD Meditations/July/07-10 at 17_31 — The Enemy Has Power but No Standing_ Exousia, Dunamis, and the Liberation of the Committed Heart-Public Spoken Word — PLAUD Note Prompt.md"
2026-07-10,July,V,"Tablet V · Come Out of Her, My Children",May 26 – Aug 16 (Volume III),"When Every Door Closes and the Taste Goes Bitter_ Providence, Presence, and the Long Walk Toward Home","this is Seth's Jul 10 · 18:32 call — **""When Every Door Closes and the Taste Goes Bitter.""** Providence, presence, and the long walk toward home. The Ruth-Naomi Mara doctrine — ...",16,"Personal Space/memo/PLAUD Meditations/July/07-10 at 18_32 — When Every Door Closes and the Taste Goes Bitter_ Providence, Presence, and the Long Walk Toward Home-Public Spoken Word — PLAUD Note Prompt.md"
2026-07-10,July,V,"Tablet V · Come Out of Her, My Children",May 26 – Aug 16 (Volume III),When Faith Sustains What Understanding Cannot Reach,07-10 at 18_32 — When Faith Sustains What Understanding Cannot Reach,14,Personal Space/memo/PLAUD Meditations/July/07-10 at 18_32 — When Faith Sustains What Understanding Cannot Reach-Public Spoken Word — PLAUD Note Prompt.md
2026-07-10,July,V,"Tablet V · Come Out of Her, My Children",May 26 – Aug 16 (Volume III),When the Watchman Fears the Gate and the Demon Speaks Its Name,"this is Seth's Jul 10 · 19:27 call — **""When the Watchman Fears the Gate and the Demon Speaks Its Name.""** The Aug 17 seam's counterpart-that-preceded-it. Central move: naming (...",20,Personal Space/memo/PLAUD Meditations/July/07-10 at 19_27 — When the Watchman Fears the Gate and the Demon Speaks Its Name-Public Spoken Word — PLAUD Note Prompt.md
2026-07-10,July,V,"Tablet V · Come Out of Her, My Children",May 26 – Aug 16 (Volume III),When Abigail Fell Silent and the Kingdom Came Near,07-10 at 21_20 — When Abigail Fell Silent and the Kingdom Came Near,11,Personal Space/memo/PLAUD Meditations/July/07-10 at 21_20 — When Abigail Fell Silent and the Kingdom Came Near-Public Spoken Word — PLAUD Note Prompt.md
2026-07-10,July,V,"Tablet V · Come Out of Her, My Children",May 26 – Aug 16 (Volume III),"When the Heavens Moved_ Intercession, Demonic Deliverance, and the Legality of the Kingdom","this is Seth's Jul 10 · 21:30 call — **""When the Heavens Moved: Intercession, Demonic Deliverance, and the Legality of the Kingdom.""** The corpus's clearest sustained doctrinal ...",27,"Personal Space/memo/PLAUD Meditations/July/07-10 at 21_30 — When the Heavens Moved_ Intercession, Demonic Deliverance, and the Legality of the Kingdom-Public Spoken Word — PLAUD Note Prompt.md"
2026-07-11,July,V,"Tablet V · Come Out of Her, My Children",May 26 – Aug 16 (Volume III),"Call Reflection_ Spiritual Warfare, Covenant Identity, and Deliverance Theology","Seth's Jul 11 — spiritual warfare, covenant identity, deliverance theology.",6,"Personal Space/memo/PLAUD Meditations/July/07-11 Call Reflection_ Spiritual Warfare, Covenant Identity, and Deliverance Theology-Public Spoken Word — PLAUD Note Prompt.md"
2026-07-11,July,V,"Tablet V · Come Out of Her, My Children",May 26 – Aug 16 (Volume III),A Sliver of Light and the Voice That Followed,07-11 at 11_09 — A Sliver of Light and the Voice That Followed,11,Personal Space/memo/PLAUD Meditations/July/07-11 at 11_09 — A Sliver of Light and the Voice That Followed-Public Spoken Word — PLAUD Note Prompt.md
2026-07-11,July,V,"Tablet V · Come Out of Her, My Children",May 26 – Aug 16 (Volume III),The Ordinary Road Between Brothers,"this is Seth's Jul 11 · 11:44 — **""The Ordinary Road Between Brothers.""** 2 Kings 2:1-6 Elisha-following-through-ordinary-stages walked as brotherhood-doctrine. Prov 23:4-5 wing...",12,Personal Space/memo/PLAUD Meditations/July/07-11 at 11_44 — The Ordinary Road Between Brothers-Public Spoken Word — PLAUD Note Prompt.md
2026-07-11,July,V,"Tablet V · Come Out of Her, My Children",May 26 – Aug 16 (Volume III),"Windows, Watchers, and the Voice That Commands the Night","this is Seth's Jul 11 · 22:37 — **""Windows, Watchers, and the Voice That Commands the Night.""** Watchman-under-night-hours; Daniel-6:10 windows-toward-Jerusalem walked as postur...",18,"Personal Space/memo/PLAUD Meditations/July/07-11 at 22_37 — Windows, Watchers, and the Voice That Commands the Night-Public Spoken Word — PLAUD Note Prompt.md"
2026-07-12,July,V,"Tablet V · Come Out of Her, My Children",May 26 – Aug 16 (Volume III),When Obedience Is the Entire Sermon,07-12 at 14_06 — When Obedience Is the Entire Sermon,9,Personal Space/memo/PLAUD Meditations/July/07-12 at 14_06 — When Obedience Is the Entire Sermon-Public Spoken Word — PLAUD Note Prompt.md
2026-07-13,July,V,"Tablet V · Come Out of Her, My Children",May 26 – Aug 16 (Volume III),"Personal Meditation_ Sabbath Rest, Covenant Love, and the Theology of the Womb","Sabbath Rest, Covenant Love, and the Theology of the Womb",10,"Personal Space/memo/PLAUD Meditations/July/07-13 Personal Meditation_ Sabbath Rest, Covenant Love, and the Theology of the Womb-Public Spoken Word — PLAUD Note Prompt.md"
2026-07-13,July,V,"Tablet V · Come Out of Her, My Children",May 26 – Aug 16 (Volume III),"Teaching Reflection_ Sound Mind, Love as a Verb, and Cultivating God's Presence","this is Seth's Jul 13 teaching — **""Sound Mind, Love as a Verb, and Cultivating God's Presence.""** 2 Tim 1:7 σωφρονισμοῦ (sound-mind) + love-as-verb + γέγραπται (it stands writt...",9,"Personal Space/memo/PLAUD Meditations/July/07-13 Teaching Reflection_ Sound Mind, Love as a Verb, and Cultivating God's Presence-Public Spoken Word — PLAUD Note Prompt.md"
2026-07-13,July,V,"Tablet V · Come Out of Her, My Children",May 26 – Aug 16 (Volume III),The Sacred Ordinary_ Finding Grace in the Continuity of Small Things,Seth's Jul 13 · 07:47 — sacred-ordinary as grace-in-continuity-of-small-things.,6,Personal Space/memo/PLAUD Meditations/July/07-13 at 07_47 — The Sacred Ordinary_ Finding Grace in the Continuity of Small Things-Public Spoken Word — PLAUD Note Prompt.md
2026-07-13,July,V,"Tablet V · Come Out of Her, My Children",May 26 – Aug 16 (Volume III),The Ordinary Threshold_ Where Brotherhood Lives Between the Sacred and the Mundane,Seth's Jul 13 · 12:11 — the ordinary threshold; where brotherhood lives between sacred and mundane.,6,Personal Space/memo/PLAUD Meditations/July/07-13 at 12_11 — The Ordinary Threshold_ Where Brotherhood Lives Between the Sacred and the Mundane-Public Spoken Word — PLAUD Note Prompt.md
2026-07-14,July,V,"Tablet V · Come Out of Her, My Children",May 26 – Aug 16 (Volume III),When the Spirit Speaks Before the Sentence Ends,Seth's Jul 14 · 10:18 — when the Spirit speaks before the sentence ends.,6,Personal Space/memo/PLAUD Meditations/July/07-14 at 10_18 — When the Spirit Speaks Before the Sentence Ends-Public Spoken Word — PLAUD Note Prompt.md
2026-07-14,July,V,"Tablet V · Come Out of Her, My Children",May 26 – Aug 16 (Volume III),"The Crucible That Forges Priests_ Present-Tense Obedience, the Priestly Call, and the Peace That Stoicism Could Never...","this is Seth's Jul 14 · 12:34 — **""The Crucible That Forges Priests: Present-Tense Obedience, the Priestly Call, and the Peace That Stoicism Could Never Find.""** Central move: p...",19,"Personal Space/memo/PLAUD Meditations/July/07-14 at 12_34 — The Crucible That Forges Priests_ Present-Tense Obedience, the Priestly Call, and the Peace That Stoicism Could Never Find-Public Spoken Word — PLAUD Note Prompt.md"
2026-07-14,July,V,"Tablet V · Come Out of Her, My Children",May 26 – Aug 16 (Volume III),When the Watchman Would Rather Build,"this is Seth's Jul 14 · 15:17 — **""When the Watchman Would Rather Build.""** Habakkuk 2:2 writer-vs-runner distinction — the watchman's faithfulness is in the writing, not contro...",13,Personal Space/memo/PLAUD Meditations/July/07-14 at 15_17 — When the Watchman Would Rather Build-Public Spoken Word — PLAUD Note Prompt.md
2026-07-15,July,V,"Tablet V · Come Out of Her, My Children",May 26 – Aug 16 (Volume III),"Sermon Reflection_ Job, Suffering, and the Death of Tidy Theology","this is Seth's Jul 15 sermon reflection — **""Job, Suffering, and the Death of Tidy Theology.""** לִוְיָתָן (*Livyatan*) — God made Leviathan; chaos-creatures within His creative ...",14,"Personal Space/memo/PLAUD Meditations/July/07-15 Sermon Reflection_ Job, Suffering, and the Death of Tidy Theology-Public Spoken Word — PLAUD Note Prompt.md"
2026-07-15,July,V,"Tablet V · Come Out of Her, My Children",May 26 – Aug 16 (Volume III),Tested Immediately After the Learning,"this is Seth's Jul 15 · 12:09 reflection — **""Tested Immediately After the Learning.""** The pattern named: Sinai → Golden Calf; the wilderness IS Torah-applied-to-living-flesh; ...",13,Personal Space/memo/PLAUD Meditations/July/07-15 at 12_09 — Tested Immediately After the Learning-Public Spoken Word — PLAUD Note Prompt.md
2026-07-15,July,V,"Tablet V · Come Out of Her, My Children",May 26 – Aug 16 (Volume III),The Mantle Descends in the Ordinary,07-15 at 18_18 — The Mantle Descends in the Ordinary,14,Personal Space/memo/PLAUD Meditations/July/07-15 at 18_18 — The Mantle Descends in the Ordinary-Public Spoken Word — PLAUD Note Prompt.md
2026-07-16,July,V,"Tablet V · Come Out of Her, My Children",May 26 – Aug 16 (Volume III),"In the Ordinary Hours_ Love, Fog, and the Faithfulness of Small Things","Seth's Jul 16 · 12:17 — in the ordinary hours; love, fog, faithfulness of small things.",6,"Personal Space/memo/PLAUD Meditations/July/07-16 at 12_17 — In the Ordinary Hours_ Love, Fog, and the Faithfulness of Small Things-Public Spoken Word — PLAUD Note Prompt.md"
2026-07-16,July,V,"Tablet V · Come Out of Her, My Children",May 26 – Aug 16 (Volume III),"Standing Firm Before Men, Standing Tender Before God","this is Seth's Jul 16 · 12:29 — **""Standing Firm Before Men, Standing Tender Before God.""** The corpus's clearest naming of the two-sided posture: firm-outward, tender-inward. T...",13,"Personal Space/memo/PLAUD Meditations/July/07-16 at 12_29 — Standing Firm Before Men, Standing Tender Before God-Public Spoken Word — PLAUD Note Prompt.md"
2026-07-17,July,V,"Tablet V · Come Out of Her, My Children",May 26 – Aug 16 (Volume III),"Personal Meditation_ Intercession, Entitlement, and the Priestly Reflex in Crisis","Intercession, Entitlement, and the Priestly Reflex in Crisis",10,"Personal Space/memo/PLAUD Meditations/July/07-17 Personal Meditation_ Intercession, Entitlement, and the Priestly Reflex in Crisis-Public Spoken Word — PLAUD Note Prompt.md"
2026-07-17,July,V,"Tablet V · Come Out of Her, My Children",May 26 – Aug 16 (Volume III),When the Burden Is Real and the Bottom Is Near,Seth's Jul 17 · 12:25 — when the burden is real and the bottom is near.,6,Personal Space/memo/PLAUD Meditations/July/07-17 at 12_25 — When the Burden Is Real and the Bottom Is Near-Public Spoken Word — PLAUD Note Prompt.md
2026-07-18,July,V,"Tablet V · Come Out of Her, My Children",May 26 – Aug 16 (Volume III),The Tent Maker in the Wilderness_ Speak to the Rock,Speak to the Rock,8,Personal Space/memo/PLAUD Meditations/July/07-18 at 11_39 — The Tent Maker in the Wilderness_ Speak to the Rock-Public Spoken Word — PLAUD Note Prompt.md
2026-07-18,July,V,"Tablet V · Come Out of Her, My Children",May 26 – Aug 16 (Volume III),You Are at Home Wherever You Go,Seth's Jul 18 · 14:42 — you are at home wherever you go; the pilgrim-with-sanctuary-inside doctrine.,6,Personal Space/memo/PLAUD Meditations/July/07-18 at 14_42 — You Are at Home Wherever You Go-Public Spoken Word — PLAUD Note Prompt.md
2026-07-20,July,V,"Tablet V · Come Out of Her, My Children",May 26 – Aug 16 (Volume III),"Personal Meditation_ Blood, Covenant, and the Mystery of New Life","this is Seth's Jul 20 — **""Blood, Covenant, and the Mystery of New Life.""** Jer 1:5 divine-foreknowledge-precedes-measurement + Eph 5:32 marriage-as-typological-mystery walked a...",10,"Personal Space/memo/PLAUD Meditations/July/07-20 Personal Meditation_ Blood, Covenant, and the Mystery of New Life-Public Spoken Word — PLAUD Note Prompt.md"
2026-07-20,July,V,"Tablet V · Come Out of Her, My Children",May 26 – Aug 16 (Volume III),"Personal Meditation_ Holy Waiting, Gender Reveal, and Divine Appointed Times","Holy Waiting, Gender Reveal, and Divine Appointed Times",15,"Personal Space/memo/PLAUD Meditations/July/07-20 Personal Meditation_ Holy Waiting, Gender Reveal, and Divine Appointed Times-Public Spoken Word — PLAUD Note Prompt.md"
2026-07-20,July,V,"Tablet V · Come Out of Her, My Children",May 26 – Aug 16 (Volume III),"Personal Meditation_ Pregnancy, Covenant Love, and the Sacred Ordinary","Pregnancy, Covenant Love, and the Sacred Ordinary",9,"Personal Space/memo/PLAUD Meditations/July/07-20 Personal Meditation_ Pregnancy, Covenant Love, and the Sacred Ordinary-Public Spoken Word — PLAUD Note Prompt.md"
2026-07-20,July,V,"Tablet V · Come Out of Her, My Children",May 26 – Aug 16 (Volume III),Sermon Reflection_ Authority vs. Power in Spiritual Warfare,Authority vs. Power in Spiritual Warfare,14,Personal Space/memo/PLAUD Meditations/July/07-20 Sermon Reflection_ Authority vs. Power in Spiritual Warfare-Public Spoken Word — PLAUD Note Prompt.md
2026-07-20,July,V,"Tablet V · Come Out of Her, My Children",May 26 – Aug 16 (Volume III),When God Sends the Confirmation Before You Even Dial,07-20 at 08_05 — When God Sends the Confirmation Before You Even Dial,8,Personal Space/memo/PLAUD Meditations/July/07-20 at 08_05 — When God Sends the Confirmation Before You Even Dial-Public Spoken Word — PLAUD Note Prompt.md
2026-07-20,July,V,"Tablet V · Come Out of Her, My Children",May 26 – Aug 16 (Volume III),The Watchman Across the Way and the Sacred Ordinary,07-20 at 16_23 — The Watchman Across the Way and the Sacred Ordinary,13,Personal Space/memo/PLAUD Meditations/July/07-20 at 16_23 — The Watchman Across the Way and the Sacred Ordinary-Public Spoken Word — PLAUD Note Prompt.md
2026-07-21,July,V,"Tablet V · Come Out of Her, My Children",May 26 – Aug 16 (Volume III),"Mango, Morning Sickness, and the Baby Growing on the Left Side","Seth's Jul 21 · 12:11 — mango, morning sickness, and the baby growing on the left side; pregnancy body-life doctrine.",6,"Personal Space/memo/PLAUD Meditations/July/07-21 at 12_11 — Mango, Morning Sickness, and the Baby Growing on the Left Side-Public Spoken Word — PLAUD Note Prompt.md"
2026-07-21,July,V,"Tablet V · Come Out of Her, My Children",May 26 – Aug 16 (Volume III),"When Anger Finds Its Altar, Faithfulness Wears No Mask, and Pain Becomes a Corridor","07-21 at 15_31 — When Anger Finds Its Altar, Faithfulness Wears No Mask, and Pain Becomes a Corridor",12,"Personal Space/memo/PLAUD Meditations/July/07-21 at 15_31 — When Anger Finds Its Altar, Faithfulness Wears No Mask, and Pain Becomes a Corridor-Public Spoken Word — PLAUD Note Prompt.md"
2026-07-21,July,V,"Tablet V · Come Out of Her, My Children",May 26 – Aug 16 (Volume III),Love in the Construction Zone,07-21 at 15_32 — Love in the Construction Zone,9,Personal Space/memo/PLAUD Meditations/July/07-21 at 15_32 — Love in the Construction Zone-Public Spoken Word — PLAUD Note Prompt.md
2026-07-21,July,V,"Tablet V · Come Out of Her, My Children",May 26 – Aug 16 (Volume III),When the Net Breaks and Only Falling Remains,Seth's Jul 21 · 20:00 — when the net breaks and only falling remains; free-fall-into-covenant.,6,Personal Space/memo/PLAUD Meditations/July/07-21 at 20_00 — When the Net Breaks and Only Falling Remains-Public Spoken Word — PLAUD Note Prompt.md
2026-07-22,July,V,"Tablet V · Come Out of Her, My Children",May 26 – Aug 16 (Volume III),"Personal Meditation_ Covenant Love, Medical Waiting, and Faithful Presence","Covenant Love, Medical Waiting, and Faithful Presence",10,"Personal Space/memo/PLAUD Meditations/July/07-22 Personal Meditation_ Covenant Love, Medical Waiting, and Faithful Presence-Public Spoken Word — PLAUD Note Prompt.md"
2026-07-22,July,V,"Tablet V · Come Out of Her, My Children",May 26 – Aug 16 (Volume III),"The Mercy Hidden in Weakness, and the Dignity of the Threshold",Seth's Jul 22 · 08:05 — the mercy hidden in weakness; dignity of the threshold.,6,"Personal Space/memo/PLAUD Meditations/July/07-22 at 08_05 — The Mercy Hidden in Weakness, and the Dignity of the Threshold-Public Spoken Word — PLAUD Note Prompt.md"
2026-07-22,July,V,"Tablet V · Come Out of Her, My Children",May 26 – Aug 16 (Volume III),"The Long Road, the Small Faithfulness, and the Grace of Not Rushing","Seth's Jul 22 · 12:20 — the long road, the small faithfulness, the grace of not rushing.",6,"Personal Space/memo/PLAUD Meditations/July/07-22 at 12_20 — The Long Road, the Small Faithfulness, and the Grace of Not Rushing-Public Spoken Word — PLAUD Note Prompt.md"
2026-07-23,July,V,"Tablet V · Come Out of Her, My Children",May 26 – Aug 16 (Volume III),"Teaching Reflection_ Pisteuō, John 5_24, and the Nature of Saving Faith","Pisteuō, John 5_24, and the Nature of Saving Faith",12,"Personal Space/memo/PLAUD Meditations/July/07-23 Teaching Reflection_ Pisteuō, John 5_24, and the Nature of Saving Faith-Public Spoken Word — PLAUD Note Prompt.md"
2026-07-23,July,V,"Tablet V · Come Out of Her, My Children",May 26 – Aug 16 (Volume III),When the Burden Is Too Heavy to Carry Alone,Seth's Jul 23 · 10:10 — when the burden is too heavy to carry alone; Gal 6:2 βάρη walked.,6,Personal Space/memo/PLAUD Meditations/July/07-23 at 10_10 — When the Burden Is Too Heavy to Carry Alone-Public Spoken Word — PLAUD Note Prompt.md
2026-07-23,July,V,"Tablet V · Come Out of Her, My Children",May 26 – Aug 16 (Volume III),The Kingdom Has Infrastructure Too,07-23 at 14_52 — The Kingdom Has Infrastructure Too,12,Personal Space/memo/PLAUD Meditations/July/07-23 at 14_52 — The Kingdom Has Infrastructure Too-Public Spoken Word — PLAUD Note Prompt.md
2026-07-24,July,V,"Tablet V · Come Out of Her, My Children",May 26 – Aug 16 (Volume III),"Theological Reflection_ Idolatry, Hunger, and Carving God from Our Own Wood","this is Seth's Jul 24 — **""Idolatry, Hunger, and Carving God from Our Own Wood.""** Isaiah's idol-carving grammar walked as *self-manufactured-god-from-hungry-wood*. Central move...",9,"Personal Space/memo/PLAUD Meditations/July/07-24 Theological Reflection_ Idolatry, Hunger, and Carving God from Our Own Wood-Public Spoken Word — PLAUD Note Prompt.md"
2026-07-24,July,V,"Tablet V · Come Out of Her, My Children",May 26 – Aug 16 (Volume III),The Altar in the Ordinary Kitchen,07-24 at 12_21 — The Altar in the Ordinary Kitchen,10,Personal Space/memo/PLAUD Meditations/July/07-24 at 12_21 — The Altar in the Ordinary Kitchen-Public Spoken Word — PLAUD Note Prompt.md
2026-07-26,July,V,"Tablet V · Come Out of Her, My Children",May 26 – Aug 16 (Volume III),Theological Meditation_ The Soul Does Not Evaporate After Death,"this is Seth's Jul 26 — **""The Soul Does Not Evaporate After Death.""** Matt 22:32 God-of-the-living; the body as *earthly-visa* not identity; the buried patriarchs live to God.",8,Personal Space/memo/PLAUD Meditations/July/07-26 Theological Meditation_ The Soul Does Not Evaporate After Death-Public Spoken Word — PLAUD Note Prompt.md
2026-07-26,July,V,"Tablet V · Come Out of Her, My Children",May 26 – Aug 16 (Volume III),"Turning the Cheek, the Just Weight, and the Altar Built in the Marketplace","07-26 at 11_13 — Turning the Cheek, the Just Weight, and the Altar Built in the Marketplace",14,"Personal Space/memo/PLAUD Meditations/July/07-26 at 11_13 — Turning the Cheek, the Just Weight, and the Altar Built in the Marketplace-Public Spoken Word — PLAUD Note Prompt.md"
2026-07-27,July,V,"Tablet V · Come Out of Her, My Children",May 26 – Aug 16 (Volume III),Reflection_ Faith in the Ordinary — Driving on Empty,Faith in the Ordinary — Driving on Empty,12,Personal Space/memo/PLAUD Meditations/July/07-27 Reflection_ Faith in the Ordinary — Driving on Empty-Public Spoken Word — PLAUD Note Prompt.md
2026-07-27,July,V,"Tablet V · Come Out of Her, My Children",May 26 – Aug 16 (Volume III),"Deliverance, Mercy, and the Streets Where Thomas Walks","07-27 at 19_20 — Deliverance, Mercy, and the Streets Where Thomas Walks",8,"Personal Space/memo/PLAUD Meditations/July/07-27 at 19_20 — Deliverance, Mercy, and the Streets Where Thomas Walks-Public Spoken Word — PLAUD Note Prompt.md"
2026-07-28,July,V,"Tablet V · Come Out of Her, My Children",May 26 – Aug 16 (Volume III),Sniffing Out the Counterfeit Call,07-28 at 10_08 — Sniffing Out the Counterfeit Call,14,Personal Space/memo/PLAUD Meditations/July/07-28 at 10_08 — Sniffing Out the Counterfeit Call-Public Spoken Word — PLAUD Note Prompt.md
2026-07-28,July,V,"Tablet V · Come Out of Her, My Children",May 26 – Aug 16 (Volume III),The Sacrament of Small Things,07-28 at 22_31 — The Sacrament of Small Things,15,Personal Space/memo/PLAUD Meditations/July/07-28 at 22_31 — The Sacrament of Small Things-Public Spoken Word — PLAUD Note Prompt.md
2026-07-28,July,V,"Tablet V · Come Out of Her, My Children",May 26 – Aug 16 (Volume III),The Weight We Carry While Life Keeps Moving,Seth's Jul 28 · 22:31 — the weight we carry while life keeps moving.,6,Personal Space/memo/PLAUD Meditations/July/07-28 at 22_31 — The Weight We Carry While Life Keeps Moving-Public Spoken Word — PLAUD Note Prompt.md
2026-07-31,July,V,"Tablet V · Come Out of Her, My Children",May 26 – Aug 16 (Volume III),"Twelve Baskets in the First Hour_ A Night of Provision, Warfare, and Truth-Telling","A Night of Provision, Warfare, and Truth-Telling",14,"Personal Space/memo/PLAUD Meditations/July/07-31 at 17_51 — Twelve Baskets in the First Hour_ A Night of Provision, Warfare, and Truth-Telling-Public Spoken Word — PLAUD Note Prompt.md"
2026-08-01,August,V,"Tablet V · Come Out of Her, My Children",May 26 – Aug 16 (Volume III),"Personal Reflection_ Guarding Faith Through Scripture, Prayer, and Obedience","Guarding Faith Through Scripture, Prayer, and Obedience",11,"Personal Space/memo/PLAUD Meditations/August/08-01 Personal Reflection_ Guarding Faith Through Scripture, Prayer, and Obedience-Public Spoken Word — PLAUD Note Prompt (1).md"
2026-08-01,August,V,"Tablet V · Come Out of Her, My Children",May 26 – Aug 16 (Volume III),"Personal Reflection_ Guarding Faith Through Scripture, Prayer, and Obedience","Guarding Faith Through Scripture, Prayer, and Obedience",8,"Personal Space/memo/PLAUD Meditations/August/08-01 Personal Reflection_ Guarding Faith Through Scripture, Prayer, and Obedience-Public Spoken Word — PLAUD Note Prompt.md"
2026-08-04,August,V,"Tablet V · Come Out of Her, My Children",May 26 – Aug 16 (Volume III),The Intercessor Interceded For,08-04 at 21_23 — The Intercessor Interceded For,12,Personal Space/memo/PLAUD Meditations/August/08-04 at 21_23 — The Intercessor Interceded For-Meditation.md
2026-08-05,August,V,"Tablet V · Come Out of Her, My Children",May 26 – Aug 16 (Volume III),"When the Late Hour Tests the Heart_ Broken Files, Weary Tongues, and the Return of First Love","Broken Files, Weary Tongues, and the Return of First Love",9,"Personal Space/memo/PLAUD Meditations/August/08-05 at 21_08 — When the Late Hour Tests the Heart_ Broken Files, Weary Tongues, and the Return of First Love-Public Spoken Word — PLAUD Note Prompt.md"
2026-08-07,August,V,"Tablet V · Come Out of Her, My Children",May 26 – Aug 16 (Volume III),"Scripture Reflection_ The Finished Work, Grace, and the Cup He Chose to Drink","The Finished Work, Grace, and the Cup He Chose to Drink",11,"Personal Space/memo/PLAUD Meditations/August/08-07 Scripture Reflection_ The Finished Work, Grace, and the Cup He Chose to Drink-Public Spoken Word — PLAUD Note Prompt.md"
2026-08-07,August,V,"Tablet V · Come Out of Her, My Children",May 26 – Aug 16 (Volume III),When the Calendar Fills but the Heart Turns to the Watch,08-07 at 12_01 — When the Calendar Fills but the Heart Turns to the Watch,11,Personal Space/memo/PLAUD Meditations/August/08-07 at 12_01 — When the Calendar Fills but the Heart Turns to the Watch-Public Spoken Word — PLAUD Note Prompt.md
2026-08-07,August,V,"Tablet V · Come Out of Her, My Children",May 26 – Aug 16 (Volume III),"Gentiles at the Threshold, Prophets Pointing to Bethlehem","08-07 at 15_16 — Gentiles at the Threshold, Prophets Pointing to Bethlehem",10,"Personal Space/memo/PLAUD Meditations/August/08-07 at 15_16 — Gentiles at the Threshold, Prophets Pointing to Bethlehem-Public Spoken Word — PLAUD Note Prompt.md"
2026-08-09,August,V,"Tablet V · Come Out of Her, My Children",May 26 – Aug 16 (Volume III),When Zeal Rides In Like a Wave_ Building on a Higher Covenant Than Any Contract,Building on a Higher Covenant Than Any Contract,9,Personal Space/memo/PLAUD Meditations/August/08-09 at 16_08 — When Zeal Rides In Like a Wave_ Building on a Higher Covenant Than Any Contract-Meditation.md
2026-08-11,August,V,"Tablet V · Come Out of Her, My Children",May 26 – Aug 16 (Volume III),When the Ache Is Real But the Altar Is Wrong,08-11 at 02_11 — When the Ache Is Real But the Altar Is Wrong,11,Personal Space/memo/PLAUD Meditations/August/08-11 at 02_11 — When the Ache Is Real But the Altar Is Wrong-Public Spoken Word — PLAUD Note Prompt.md
2026-08-11,August,V,"Tablet V · Come Out of Her, My Children",May 26 – Aug 16 (Volume III),One Joyfulness on Two Mountains,08-11 at 15_40 — One Joyfulness on Two Mountains,14,Personal Space/memo/PLAUD Meditations/August/08-11 at 15_40 — One Joyfulness on Two Mountains-Public Spoken Word — PLAUD Note Prompt.md
2026-08-11,August,V,"Tablet V · Come Out of Her, My Children",May 26 – Aug 16 (Volume III),"The Household, the Hidden Build, and the Man Who Died","08-11 at 20_11 — The Household, the Hidden Build, and the Man Who Died",15,"Personal Space/memo/PLAUD Meditations/August/08-11 at 20_11 — The Household, the Hidden Build, and the Man Who Died-Meditation.md"
2026-08-12,August,V,"Tablet V · Come Out of Her, My Children",May 26 – Aug 16 (Volume III),The Unseen Foundation Built in the Night,08-12 at 05_30 — The Unseen Foundation Built in the Night,16,Personal Space/memo/PLAUD Meditations/August/08-12 at 05_30 — The Unseen Foundation Built in the Night-Meditation.md
2026-08-12,August,V,"Tablet V · Come Out of Her, My Children",May 26 – Aug 16 (Volume III),The Woodwork and the Way,08-12 at 10_25 — The Woodwork and the Way,10,Personal Space/memo/PLAUD Meditations/August/08-12 at 10_25 — The Woodwork and the Way-Meditation.md
2026-08-12,August,V,"Tablet V · Come Out of Her, My Children",May 26 – Aug 16 (Volume III),When the Lungs Fail and the Fever Lingers_ Interceding in the Valley,Interceding in the Valley,10,Personal Space/memo/PLAUD Meditations/August/08-12 at 15_56 — When the Lungs Fail and the Fever Lingers_ Interceding in the Valley-Meditation.md
2026-08-12,August,V,"Tablet V · Come Out of Her, My Children",May 26 – Aug 16 (Volume III),"The Architect, the Blood, and the Blessing That Draws the Battle","08-12 at 16_30 — The Architect, the Blood, and the Blessing That Draws the Battle",16,"Personal Space/memo/PLAUD Meditations/August/08-12 at 16_30 — The Architect, the Blood, and the Blessing That Draws the Battle-Meditation.md"
2026-08-13,August,V,"Tablet V · Come Out of Her, My Children",May 26 – Aug 16 (Volume III),Moving the Carcass to Reach the Honey,08-13 at 12_30 — Moving the Carcass to Reach the Honey,14,Personal Space/memo/PLAUD Meditations/August/08-13 at 12_30 — Moving the Carcass to Reach the Honey-Meditation.md
2026-08-13,August,V,"Tablet V · Come Out of Her, My Children",May 26 – Aug 16 (Volume III),"Ten Thousand, the Empty Threshold, and Serving From the Hillside","08-13 at 15_45 — Ten Thousand, the Empty Threshold, and Serving From the Hillside",12,"Personal Space/memo/PLAUD Meditations/August/08-13 at 15_45 — Ten Thousand, the Empty Threshold, and Serving From the Hillside-Meditation.md"
2026-08-13,August,V,"Tablet V · Come Out of Her, My Children",May 26 – Aug 16 (Volume III),The Woodwork and the Way,08-13 at 17_16 — The Woodwork and the Way,11,Personal Space/memo/PLAUD Meditations/August/08-13 at 17_16 — The Woodwork and the Way-Meditation.md
2026-08-15,August,V,"Tablet V · Come Out of Her, My Children",May 26 – Aug 16 (Volume III),Two Loaves in the House of a Drunken Brother,08-15 at 17_06 — Two Loaves in the House of a Drunken Brother,17,Personal Space/memo/PLAUD Meditations/August/08-15 at 17_06 — Two Loaves in the House of a Drunken Brother-Meditation.md
2026-08-16,August,V,"Tablet V · Come Out of Her, My Children",May 26 – Aug 16 (Volume III),Festival Walkthrough_ West Fargo Renaissance Fair Activities and Crafts,West Fargo Renaissance Fair Activities and Crafts,10,Personal Space/memo/PLAUD Meditations/August/08-16 Festival Walkthrough_ West Fargo Renaissance Fair Activities and Crafts-Meditation.md
2026-08-16,August,V,"Tablet V · Come Out of Her, My Children",May 26 – Aug 16 (Volume III),"The Wilderness, the Marketplace, and the Cornerstone","08-16 at 19_10 — The Wilderness, the Marketplace, and the Cornerstone",13,"Personal Space/memo/PLAUD Meditations/August/08-16 at 19_10 — The Wilderness, the Marketplace, and the Cornerstone-Meditation.md"
2026-08-17,August,VI/VII,Tablet VI + VII · The Night the Silence / Koinonia Takes Precedence,Aug 17 · seam-day,Sermon Reflection_ _He Gave Jesus_ — The One Door God Pointed To,_He Gave Jesus_ — The One Door God Pointed To,11,Personal Space/memo/PLAUD Meditations/August/08-17 Sermon Reflection_ _He Gave Jesus_ — The One Door God Pointed To-Meditation.md
2026-08-17,August,VI/VII,Tablet VI + VII · The Night the Silence / Koinonia Takes Precedence,Aug 17 · seam-day,"The Name the Darkness Could Not Speak, and the Servant Who Learned to Wait","08-17 at 19_05 — The Name the Darkness Could Not Speak, and the Servant Who Learned to Wait",17,"Personal Space/memo/PLAUD Meditations/August/08-17 at 19_05 — The Name the Darkness Could Not Speak, and the Servant Who Learned to Wait-Meditation.md"
2026-08-18,August,VII,Tablet VII · Koinonia Takes Precedence,Aug 18 – Aug 28 (Volume IV),Call Reflection_ Spiritual Warfare and the Refining of Pride,Spiritual Warfare and the Refining of Pride,12,Personal Space/memo/PLAUD Meditations/August/08-18 Call Reflection_ Spiritual Warfare and the Refining of Pride-Meditation.md
2026-08-19,August,VII,Tablet VII · Koinonia Takes Precedence,Aug 18 – Aug 28 (Volume IV),Let Your Yes Be Yes_ Integrity as the Currency of the Kingdom,Integrity as the Currency of the Kingdom,17,Personal Space/memo/PLAUD Meditations/August/08-19 at 04_51 — Let Your Yes Be Yes_ Integrity as the Currency of the Kingdom-Meditation.md
2026-08-19,August,VII,Tablet VII · Koinonia Takes Precedence,Aug 18 – Aug 28 (Volume IV),When Darkness Strikes the House We Are Building,08-19 at 08_53 — When Darkness Strikes the House We Are Building,16,Personal Space/memo/PLAUD Meditations/August/08-19 at 08_53 — When Darkness Strikes the House We Are Building-Meditation.md
2026-08-19,August,VII,Tablet VII · Koinonia Takes Precedence,Aug 18 – Aug 28 (Volume IV),Let Your Yes Be Yes_ Integrity Under Pressure,Integrity Under Pressure,15,Personal Space/memo/PLAUD Meditations/August/08-19 at 09_18 — Let Your Yes Be Yes_ Integrity Under Pressure-Meditation.md
2026-08-19,August,VII,Tablet VII · Koinonia Takes Precedence,Aug 18 – Aug 28 (Volume IV),The Vocabulary of a Changed Man,08-19 at 09_46 — The Vocabulary of a Changed Man,9,Personal Space/memo/PLAUD Meditations/August/08-19 at 09_46 — The Vocabulary of a Changed Man-Meditation.md
2026-08-19,August,VII,Tablet VII · Koinonia Takes Precedence,Aug 18 – Aug 28 (Volume IV),Iron Sharpens Iron in the Secret Place,08-19 at 10_46 — Iron Sharpens Iron in the Secret Place,11,Personal Space/memo/PLAUD Meditations/August/08-19 at 10_46 — Iron Sharpens Iron in the Secret Place-Meditation.md
2026-08-19,August,VII,Tablet VII · Koinonia Takes Precedence,Aug 18 – Aug 28 (Volume IV),"The Distribution Layer, the Guaranteed Harvest, and the First Client Who Bit the Bullet","08-19 at 13_00 — The Distribution Layer, the Guaranteed Harvest, and the First Client Who Bit the Bullet",16,"Personal Space/memo/PLAUD Meditations/August/08-19 at 13_00 — The Distribution Layer, the Guaranteed Harvest, and the First Client Who Bit the Bullet-Meditation.md"
2026-08-19,August,VII,Tablet VII · Koinonia Takes Precedence,Aug 18 – Aug 28 (Volume IV),"The Ledger, the Gate, and the Weight We Bear_ A Meditation on Stewardship, Scarcity, and the Keeping of the Fold","A Meditation on Stewardship, Scarcity, and the Keeping of the Fold",14,"Personal Space/memo/PLAUD Meditations/August/08-19 at 14_21 — The Ledger, the Gate, and the Weight We Bear_ A Meditation on Stewardship, Scarcity, and the Keeping of the Fold-Meditation.md"
2026-08-19,August,VII,Tablet VII · Koinonia Takes Precedence,Aug 18 – Aug 28 (Volume IV),The Slow and Steady Building of a House,08-19 at 15_02 — The Slow and Steady Building of a House,17,Personal Space/memo/PLAUD Meditations/August/08-19 at 15_02 — The Slow and Steady Building of a House-Meditation.md
2026-08-20,August,VII,Tablet VII · Koinonia Takes Precedence,Aug 18 – Aug 28 (Volume IV),The Refund That Cost Nothing to Deliver and Everything to Decide,08-20 at 19_15 — The Refund That Cost Nothing to Deliver and Everything to Decide,9,Personal Space/memo/PLAUD Meditations/August/08-20 at 19_15 — The Refund That Cost Nothing to Deliver and Everything to Decide-Meditation.md
2026-08-21,August,VII,Tablet VII · Koinonia Takes Precedence,Aug 18 – Aug 28 (Volume IV),Reflection_ Spiritual Deliverance and a Father's Cancer Diagnosis,Spiritual Deliverance and a Father's Cancer Diagnosis,11,Personal Space/memo/PLAUD Meditations/August/08-21 Reflection_ Spiritual Deliverance and a Father's Cancer Diagnosis-Meditation.md
2026-08-22,August,VII,Tablet VII · Koinonia Takes Precedence,Aug 18 – Aug 28 (Volume IV),I'll Catch You on the Other Side,08-22 at 18_36 — I'll Catch You on the Other Side,14,Personal Space/memo/PLAUD Meditations/August/08-22 at 18_36 — I'll Catch You on the Other Side-Meditation.md
2026-08-24,August,VII,Tablet VII · Koinonia Takes Precedence,Aug 18 – Aug 28 (Volume IV),"Two Minutes From the Gate, A Brother Calls","08-24 at 15_43 — Two Minutes From the Gate, A Brother Calls",9,"Personal Space/memo/PLAUD Meditations/August/08-24 at 15_43 — Two Minutes From the Gate, A Brother Calls-Meditation.md"
2026-08-25,August,VII,Tablet VII · Koinonia Takes Precedence,Aug 18 – Aug 28 (Volume IV),When the Will Is Done and the Debt Is Owed,08-25 at 04_53 — When the Will Is Done and the Debt Is Owed,11,Personal Space/memo/PLAUD Meditations/August/08-25 at 04_53 — When the Will Is Done and the Debt Is Owed-Meditation.md
2026-08-25,August,VII,Tablet VII · Koinonia Takes Precedence,Aug 18 – Aug 28 (Volume IV),"Empty-Handed at the Threshold_ Faithfulness, Debt, and the Weight of a Promise","Faithfulness, Debt, and the Weight of a Promise",11,"Personal Space/memo/PLAUD Meditations/August/08-25 at 06_21 — Empty-Handed at the Threshold_ Faithfulness, Debt, and the Weight of a Promise-Meditation.md"
2026-08-25,August,VII,Tablet VII · Koinonia Takes Precedence,Aug 18 – Aug 28 (Volume IV),When a Word Is No Longer a Bond,08-25 at 07_08 — When a Word Is No Longer a Bond,11,Personal Space/memo/PLAUD Meditations/August/08-25 at 07_08 — When a Word Is No Longer a Bond-Meditation.md
2026-08-26,August,VII,Tablet VII · Koinonia Takes Precedence,Aug 18 – Aug 28 (Volume IV),Koinonia Takes Precedence,08-26 at 05_31 — Koinonia Takes Precedence,0,Personal Space/memo/PLAUD Meditations/August/08-26 at 05_31 — Koinonia Takes Precedence-Meditation.md
2026-08-28,August,VII,Tablet VII · Koinonia Takes Precedence,Aug 18 – Aug 28 (Volume IV),Teaching Reflection_ Discerning the Grace of a Changing Season,"this is Seth's Aug 28 sermon-response file on **discerning the καιρός** — the appointed time. Prophet Lovy Elias's teaching frames the crisis: grace to pray boils in you, the en...",10,Personal Space/memo/PLAUD Meditations/August/08-28 Teaching Reflection_ Discerning the Grace of a Changing Season-Meditation.md
2026-08-28,August,VII,Tablet VII · Koinonia Takes Precedence,Aug 18 – Aug 28 (Volume IV),Teaching Reflection_ The Measure of Love Is Surrender on Moriah,"this is Seth's Aug 28 sermon-response to Prophet Lovy Elias on **Moriah as the measure**. The file's cornerstone claim: love is proved by what is surrendered, not what is felt. ...",11,Personal Space/memo/PLAUD Meditations/August/08-28 Teaching Reflection_ The Measure of Love Is Surrender on Moriah-Meditation.md
2026-08-28,August,VII,Tablet VII · Koinonia Takes Precedence,Aug 18 – Aug 28 (Volume IV),The Provision I Almost Died Owning,08-28 at 07_44 — The Provision I Almost Died Owning,14,Personal Space/memo/PLAUD Meditations/August/08-28 at 07_44 — The Provision I Almost Died Owning-Meditation.md
2026-08-28,August,VII,Tablet VII · Koinonia Takes Precedence,Aug 18 – Aug 28 (Volume IV),"Counsel, Commission, and the Fellowship That Holds Us Together","08-28 at 13_36 — Counsel, Commission, and the Fellowship That Holds Us Together",14,"Personal Space/memo/PLAUD Meditations/August/08-28 at 13_36 — Counsel, Commission, and the Fellowship That Holds Us Together-Meditation.md"
2026-08-28,August,VII,Tablet VII · Koinonia Takes Precedence,Aug 18 – Aug 28 (Volume IV),"The Phone Against the Ear, the Presence That Holds","08-28 at 16_40 — The Phone Against the Ear, the Presence That Holds",15,"Personal Space/memo/PLAUD Meditations/August/08-28 at 16_40 — The Phone Against the Ear, the Presence That Holds-Meditation.md"
2026-08-28,August,VII,Tablet VII · Koinonia Takes Precedence,Aug 18 – Aug 28 (Volume IV),The Money on the Table and the Sober Word,08-28 at 16_56 — The Money on the Table and the Sober Word,14,Personal Space/memo/PLAUD Meditations/August/08-28 at 16_56 — The Money on the Table and the Sober Word-Meditation.md
2026-08-28,August,VII,Tablet VII · Koinonia Takes Precedence,Aug 18 – Aug 28 (Volume IV),"I Gave Him You, Not the Answers","08-28 at 18_16 — I Gave Him You, Not the Answers",15,"Personal Space/memo/PLAUD Meditations/August/08-28 at 18_16 — I Gave Him You, Not the Answers-Meditation.md"
2026-08-28,August,VII,Tablet VII · Koinonia Takes Precedence,Aug 18 – Aug 28 (Volume IV),The First Win Is the Confession,08-28 at 20_09 — The First Win Is the Confession,15,Personal Space/memo/PLAUD Meditations/August/08-28 at 20_09 — The First Win Is the Confession-Meditation.md
2026-08-28,August,VII,Tablet VII · Koinonia Takes Precedence,Aug 18 – Aug 28 (Volume IV),"The Third Door, the Leveled Table, and the Island of Only Faith","08-28 at 22_11 — The Third Door, the Leveled Table, and the Island of Only Faith",13,"Personal Space/memo/PLAUD Meditations/August/08-28 at 22_11 — The Third Door, the Leveled Table, and the Island of Only Faith-Meditation.md"
2026-08-29,August,VIII,Tablet VIII · Seed Register,Aug 29+ (still open),"The Signpost, the Secret Place, and the Cup of the Father's Will","08-29 at 20_23 — The Signpost, the Secret Place, and the Cup of the Father's Will",22,"Personal Space/memo/PLAUD Meditations/August/08-29 at 20_23 — The Signpost, the Secret Place, and the Cup of the Father's Will-Meditation.md"
2026-08-30,August,VIII,Tablet VIII · Seed Register,Aug 29+ (still open),Bible Study Reflection_ Filthy Garments and the Finished Work,Filthy Garments and the Finished Work,0,Personal Space/memo/PLAUD Meditations/August/08-30 Bible Study Reflection_ Filthy Garments and the Finished Work-PLAUD_Meditation.md
2026-08-30,August,VIII,Tablet VIII · Seed Register,Aug 29+ (still open),Bible Study Reflection_ Filthy Garments and the Finished Work,Filthy Garments and the Finished Work,13,Personal Space/memo/PLAUD Meditations/August/08-30 Bible Study Reflection_ Filthy Garments and the Finished Work-Speakly_meditation.md
2026-08-30,August,VIII,Tablet VIII · Seed Register,Aug 29+ (still open),Theological Meditation_ The Mirror-Gospel and Christ the Teacher Within,The Mirror-Gospel and Christ the Teacher Within,14,Personal Space/memo/PLAUD Meditations/August/08-30 Theological Meditation_ The Mirror-Gospel and Christ the Teacher Within-Meditation.md
2026-08-30,August,VIII,Tablet VIII · Seed Register,Aug 29+ (still open),The Man of the Flesh Held Me Hostage,08-30 at 08_01 — The Man of the Flesh Held Me Hostage,12,Personal Space/memo/PLAUD Meditations/August/08-30 at 08_01 — The Man of the Flesh Held Me Hostage-Meditation.md
2026-08-30,August,VIII,Tablet VIII · Seed Register,Aug 29+ (still open),The Man in the Mirror and the Christ Who Stands Between,08-30 at 08_38 — The Man in the Mirror and the Christ Who Stands Between,16,Personal Space/memo/PLAUD Meditations/August/08-30 at 08_38 — The Man in the Mirror and the Christ Who Stands Between-Meditation.md
2026-08-30,August,VIII,Tablet VIII · Seed Register,Aug 29+ (still open),The Compass in the Locked Room,08-30 at 20_04 — The Compass in the Locked Room,11,Personal Space/memo/PLAUD Meditations/August/08-30 at 20_04 — The Compass in the Locked Room-Meditation.md
2026-08-31,August,VIII,Tablet VIII · Seed Register,Aug 29+ (still open),The Anointing Is a Call Into Affliction,"this is Seth's Aug 31 · 10:43 teaching reflection on a former-Muslim preacher's doctrine: **""The anointing is a call into affliction, and if you don't see it that way, you will ...",7,Personal Space/memo/PLAUD Meditations/August/08-31 at 10_43 — The Anointing Is a Call Into Affliction-Meditation.md
2026-08-31,August,VIII,Tablet VIII · Seed Register,Aug 29+ (still open),The Vessel Must Serve the Witness,"this is Seth's Aug 31 · 11:23 call — **""The Vessel Must Serve the Witness.""** Samuel's first country song written from his heartbreak over Emily; Seth's Jordan Crossing digital ...",7,Personal Space/memo/PLAUD Meditations/August/08-31 at 11_23 — The Vessel Must Serve the Witness-Meditation.md
2026-09-01,September,VIII,Tablet VIII · Seed Register,Aug 29+ (still open),"Call Reflection_ Right Road, Wrong Name — Faith and the Refusal of Algorithms","this is Seth's Sep 1 · 09:23 domestic morning call — dishes undone, printer cartridge fumbled by a left hand that will no longer grip, three cats to be thrown out, pregnant wife...",7,"Personal Space/memo/PLAUD Meditations/September/09-01 Call Reflection_ Right Road, Wrong Name — Faith and the Refusal of Algorithms-Meditation.md"
2026-09-01,September,VIII,Tablet VIII · Seed Register,Aug 29+ (still open),Sales Call_ Graft Training Program and Cooper Enrollment,"this is Seth's Sep 1 · 07:21 (audit close) call — invited onto the tail-end of a live sales call to greet Cooper, who had just committed. **The single question raised only AFTER...",6,Personal Space/memo/PLAUD Meditations/September/09-01 Sales Call_ Graft Training Program and Cooper Enrollment-Meditation.md
2026-09-01,September,VIII,Tablet VIII · Seed Register,Aug 29+ (still open),"Take Your Robes Off Me_ The Vape, the Watchman, and the Old Man Who Doesn't Exist","this is Seth's Sep 1 · 04:30 post-shift call — driving home from 12-hour welding, phone with Samuel. The vape handed to a 19-year-old coworker without decision. **""Take your rob...",7,"Personal Space/memo/PLAUD Meditations/September/09-01 at 04_30 — Take Your Robes Off Me_ The Vape, the Watchman, and the Old Man Who Doesn't Exist-Meditation.md"
2026-09-01,September,VIII,Tablet VIII · Seed Register,Aug 29+ (still open),"Provision, Persuasion, and the Fisher of Men_ One Morning's Call","this is Seth's Sep 1 · 07:21 reflection — overlapping sales calls with Samuel, Jaden, and Cooper. Central move: **peace arrived BEFORE provision.** Ps 118:8 anchor + Ps 118:17-1...",7,"Personal Space/memo/PLAUD Meditations/September/09-01 at 07_21 — Provision, Persuasion, and the Fisher of Men_ One Morning's Call-Meditation.md"
2026-09-01,September,VIII,Tablet VIII · Seed Register,Aug 29+ (still open),The Blessing of the Cave_ Why God Keeps You Off the Celebration Table,this is Seth's Sep 1 · 07:54 reflection — Prophet Lovy Elias on the **blessing of the cave: preservation over platform**. What the natural eye reads as *exclusion from the celeb...,7,Personal Space/memo/PLAUD Meditations/September/09-01 at 07_54 — The Blessing of the Cave_ Why God Keeps You Off the Celebration Table-Meditation.md
2026-09-01,September,VIII,Tablet VIII · Seed Register,Aug 29+ (still open),Reflection_ The False Alarm and the Practice of Stillness,"this is Seth's Sep 1 · 08:43 reflection — the panicked ""Oh f---, we can't just sit here"" response to what turned out to be **a bank low-balance notice**. Central move: the tensi...",6,Personal Space/memo/PLAUD Meditations/September/09-01 at 08_43 — Reflection_ The False Alarm and the Practice of Stillness-Meditation.md
